{
	"credit": "Made with Blockbench",
	"textures": {
		"2": "block/crafting_table_front",
		"particle": "block/crafting_table_side"
	},
	"elements": [
		{
			"from": [7.5, 2, 7.5],
			"to": [8.5, 6, 8.5],
			"rotation": {"angle": 0, "axis": "y", "origin": [22.5, 10, 15.5]},
			"faces": {
				"north": {"uv": [3, 5, 4, 9], "texture": "#2"},
				"east": {"uv": [3, 5, 4, 9], "texture": "#2"},
				"south": {"uv": [3, 5, 4, 9], "texture": "#2"},
				"west": {"uv": [3, 5, 4, 9], "texture": "#2"},
				"up": {"uv": [3, 5, 4, 6], "texture": "#2"},
				"down": {"uv": [3, 8, 4, 9], "texture": "#2"}
			}
		},
		{
			"from": [6.5, 0, 6.75],
			"to": [9.5, 2, 9.25],
			"rotation": {"angle": 0, "axis": "y", "origin": [21.5, 8, 14.75]},
			"faces": {
				"north": {"uv": [2, 9, 5, 11], "texture": "#2"},
				"east": {"uv": [2, 9, 3.5, 11], "texture": "#2"},
				"south": {"uv": [2, 9, 5, 11], "texture": "#2"},
				"west": {"uv": [3, 9, 4.5, 11], "texture": "#2"},
				"up": {"uv": [2, 9, 5, 10.5], "texture": "#2"},
				"down": {"uv": [2, 9, 5, 10.5], "texture": "#2"}
			}
		}
	],
	"gui_light": "front",
	"display": {
		"thirdperson_righthand": {
			"rotation": [-180, 90, 0],
			"translation": [0, -7.75, 1.5],
			"scale": [1.5, 1.5, 1.5]
		},
		"thirdperson_lefthand": {
			"rotation": [-180, 90, 0],
			"translation": [0, -7.75, 1.5],
			"scale": [1.5, 1.5, 1.5]
		},
		"firstperson_righthand": {
			"rotation": [-180, 77, -13],
			"translation": [0, -3.5, 2.5],
			"scale": [1.5, 1.5, 1.5]
		},
		"firstperson_lefthand": {
			"rotation": [-180, 77, -13],
			"translation": [0, -3.5, 2.5],
			"scale": [1.5, 1.5, 1.5]
		},
		"ground": {
			"translation": [0, 8, 0],
			"scale": [1.5, 1.5, 1.5]
		},
		"gui": {
			"rotation": [-180, -45, -45],
			"translation": [6.25, -8.5, 0],
			"scale": [2.25, 2.25, 2.25]
		},
		"fixed": {
			"rotation": [-180, 0, 0],
			"translation": [0, -10, 0],
			"scale": [2, 2, 2]
		}
	},
	"groups": [
		{
			"name": "HammerNorth",
			"origin": [19.9, 18.7, 8.75],
			"children": [0, 1]
		}
	]
}