{
	"credit": "Made with Blockbench",
	"textures": {
		"particle": "block/lantern",
		"1_0": "block/lantern"
	},
	"elements": [
		{
			"from": [10.25, 10, -1],
			"to": [10.25, 12, 2],
			"rotation": {"angle": 45, "axis": "y", "origin": [18.25, 19, 7]},
			"faces": {
				"north": {"uv": [0, 0, 0, 2], "texture": "#missing"},
				"east": {"uv": [11, 10, 14, 12], "texture": "#1_0"},
				"south": {"uv": [0, 0, 0, 2], "texture": "#missing"},
				"west": {"uv": [11, 10, 14, 12], "texture": "#1_0"},
				"up": {"uv": [0, 0, 0, 3], "texture": "#missing"},
				"down": {"uv": [0, 0, 0, 3], "texture": "#missing"}
			}
		},
		{
			"from": [6, 8, 6],
			"to": [10, 10, 10],
			"rotation": {"angle": 0, "axis": "y", "origin": [14, 17, 14]},
			"faces": {
				"north": {"uv": [1, 0, 5, 2], "texture": "#1_0"},
				"east": {"uv": [1, 0, 5, 2], "texture": "#1_0"},
				"south": {"uv": [1, 0, 5, 2], "texture": "#1_0"},
				"west": {"uv": [1, 0, 5, 2], "texture": "#1_0"},
				"up": {"uv": [1, 10, 5, 14], "texture": "#1_0"},
				"down": {"uv": [1, 10, 5, 14], "texture": "#1_0"}
			}
		},
		{
			"from": [9, 8, 9],
			"to": [10.2, 10.2, 10.2],
			"rotation": {"angle": 0, "axis": "y", "origin": [17, 16, 17]},
			"faces": {
				"north": {"uv": [1, 0, 2, 2], "texture": "#1_0"},
				"east": {"uv": [1, 0, 2, 2], "texture": "#1_0"},
				"south": {"uv": [1, 0, 2, 2], "texture": "#1_0"},
				"west": {"uv": [1, 0, 2, 2], "texture": "#1_0"},
				"up": {"uv": [0, 2, 1, 3], "texture": "#1_0"},
				"down": {"uv": [0, 2, 1, 3], "texture": "#1_0"}
			}
		},
		{
			"from": [9, 8, 5.75],
			"to": [10.2, 10.2, 6.95],
			"rotation": {"angle": 0, "axis": "y", "origin": [17, 16, 13.75]},
			"faces": {
				"north": {"uv": [1, 0, 2, 2], "texture": "#1_0"},
				"east": {"uv": [1, 0, 2, 2], "texture": "#1_0"},
				"south": {"uv": [1, 0, 2, 2], "texture": "#1_0"},
				"west": {"uv": [1, 0, 2, 2], "texture": "#1_0"},
				"up": {"uv": [0, 2, 1, 3], "texture": "#1_0"},
				"down": {"uv": [0, 2, 1, 3], "texture": "#1_0"}
			}
		},
		{
			"from": [5.75, 8, 5.75],
			"to": [6.95, 10.2, 6.95],
			"rotation": {"angle": 0, "axis": "y", "origin": [13.75, 16, 13.75]},
			"faces": {
				"north": {"uv": [1, 0, 2, 2], "texture": "#1_0"},
				"east": {"uv": [1, 0, 2, 2], "texture": "#1_0"},
				"south": {"uv": [1, 0, 2, 2], "texture": "#1_0"},
				"west": {"uv": [1, 0, 2, 2], "texture": "#1_0"},
				"up": {"uv": [0, 2, 1, 3], "texture": "#1_0"},
				"down": {"uv": [0, 2, 1, 3], "texture": "#1_0"}
			}
		},
		{
			"from": [5, 1, 5],
			"to": [11, 2, 11],
			"rotation": {"angle": 0, "axis": "y", "origin": [13, 10, 13]},
			"faces": {
				"north": {"uv": [0, 8, 6, 9], "texture": "#1_0"},
				"east": {"uv": [0, 8, 6, 9], "texture": "#1_0"},
				"south": {"uv": [0, 8, 6, 9], "texture": "#1_0"},
				"west": {"uv": [0, 8, 6, 9], "texture": "#1_0"},
				"up": {"uv": [0, 9, 6, 15], "texture": "#1_0"},
				"down": {"uv": [0, 9, 6, 15], "texture": "#1_0"}
			}
		},
		{
			"from": [6, 2, 6],
			"to": [10, 7, 10],
			"rotation": {"angle": 0, "axis": "y", "origin": [14, 11, 14]},
			"faces": {
				"north": {"uv": [1, 3, 5, 8], "texture": "#1_0"},
				"east": {"uv": [1, 3, 5, 8], "texture": "#1_0"},
				"south": {"uv": [1, 3, 5, 8], "texture": "#1_0"},
				"west": {"uv": [1, 3, 5, 8], "texture": "#1_0"},
				"up": {"uv": [1, 10, 5, 14], "texture": "#1_0"},
				"down": {"uv": [1, 10, 5, 14], "texture": "#1_0"}
			}
		},
		{
			"from": [5, 7, 5],
			"to": [11, 8, 11],
			"rotation": {"angle": 0, "axis": "y", "origin": [13, 16, 13]},
			"faces": {
				"north": {"uv": [0, 8, 6, 9], "texture": "#1_0"},
				"east": {"uv": [0, 8, 6, 9], "texture": "#1_0"},
				"south": {"uv": [0, 8, 6, 9], "texture": "#1_0"},
				"west": {"uv": [0, 8, 6, 9], "texture": "#1_0"},
				"up": {"uv": [0, 9, 6, 15], "texture": "#1_0"},
				"down": {"uv": [0, 9, 6, 15], "texture": "#1_0"}
			}
		},
		{
			"from": [4.75, 7, 10],
			"to": [5.95, 8.2, 11.2],
			"rotation": {"angle": 0, "axis": "y", "origin": [12.75, 15, 18]},
			"faces": {
				"north": {"uv": [0, 2, 1, 3], "texture": "#1_0"},
				"east": {"uv": [0, 2, 1, 3], "texture": "#1_0"},
				"south": {"uv": [0, 2, 1, 3], "texture": "#1_0"},
				"west": {"uv": [0, 2, 1, 3], "texture": "#1_0"},
				"up": {"uv": [0, 2, 1, 3], "texture": "#1_0"},
				"down": {"uv": [0, 2, 1, 3], "texture": "#1_0"}
			}
		},
		{
			"from": [4.75, 0.75, 9.75],
			"to": [6.25, 2.25, 11.25],
			"rotation": {"angle": 0, "axis": "y", "origin": [12.75, 8.75, 17.75]},
			"faces": {
				"north": {"uv": [0, 2, 1, 3], "texture": "#1_0"},
				"east": {"uv": [0, 2, 1, 3], "texture": "#1_0"},
				"south": {"uv": [0, 2, 1, 3], "texture": "#1_0"},
				"west": {"uv": [0, 2, 1, 3], "texture": "#1_0"},
				"up": {"uv": [0, 2, 1, 3], "texture": "#1_0"},
				"down": {"uv": [0, 2, 1, 3], "texture": "#1_0"}
			}
		},
		{
			"from": [4.75, 0.75, 4.75],
			"to": [6.25, 2.25, 6.25],
			"rotation": {"angle": 0, "axis": "y", "origin": [12.75, 8.75, 12.75]},
			"faces": {
				"north": {"uv": [0, 2, 1, 3], "texture": "#1_0"},
				"east": {"uv": [0, 2, 1, 3], "texture": "#1_0"},
				"south": {"uv": [0, 2, 1, 3], "texture": "#1_0"},
				"west": {"uv": [0, 2, 1, 3], "texture": "#1_0"},
				"up": {"uv": [0, 2, 1, 3], "texture": "#1_0"},
				"down": {"uv": [0, 2, 1, 3], "texture": "#1_0"}
			}
		},
		{
			"from": [9.75, 0.75, 4.75],
			"to": [11.25, 2.25, 6.25],
			"rotation": {"angle": 0, "axis": "y", "origin": [17.75, 8.75, 12.75]},
			"faces": {
				"north": {"uv": [0, 2, 1, 3], "texture": "#1_0"},
				"east": {"uv": [0, 2, 1, 3], "texture": "#1_0"},
				"south": {"uv": [0, 2, 1, 3], "texture": "#1_0"},
				"west": {"uv": [0, 2, 1, 3], "texture": "#1_0"},
				"up": {"uv": [0, 2, 1, 3], "texture": "#1_0"},
				"down": {"uv": [0, 2, 1, 3], "texture": "#1_0"}
			}
		},
		{
			"from": [9.75, 0.75, 9.75],
			"to": [11.25, 2.25, 11.25],
			"rotation": {"angle": 0, "axis": "y", "origin": [17.75, 8.75, 17.75]},
			"faces": {
				"north": {"uv": [0, 2, 1, 3], "texture": "#1_0"},
				"east": {"uv": [0, 2, 1, 3], "texture": "#1_0"},
				"south": {"uv": [0, 2, 1, 3], "texture": "#1_0"},
				"west": {"uv": [0, 2, 1, 3], "texture": "#1_0"},
				"up": {"uv": [0, 2, 1, 3], "texture": "#1_0"},
				"down": {"uv": [0, 2, 1, 3], "texture": "#1_0"}
			}
		},
		{
			"from": [10, 7, 10],
			"to": [11.2, 8.2, 11.2],
			"rotation": {"angle": 0, "axis": "y", "origin": [18, 15, 18]},
			"faces": {
				"north": {"uv": [0, 2, 1, 3], "texture": "#1_0"},
				"east": {"uv": [0, 2, 1, 3], "texture": "#1_0"},
				"south": {"uv": [0, 2, 1, 3], "texture": "#1_0"},
				"west": {"uv": [0, 2, 1, 3], "texture": "#1_0"},
				"up": {"uv": [0, 2, 1, 3], "texture": "#1_0"},
				"down": {"uv": [0, 2, 1, 3], "texture": "#1_0"}
			}
		},
		{
			"from": [10, 7, 4.75],
			"to": [11.2, 8.2, 5.95],
			"rotation": {"angle": 0, "axis": "y", "origin": [18, 15, 12.75]},
			"faces": {
				"north": {"uv": [0, 2, 1, 3], "texture": "#1_0"},
				"east": {"uv": [0, 2, 1, 3], "texture": "#1_0"},
				"south": {"uv": [0, 2, 1, 3], "texture": "#1_0"},
				"west": {"uv": [0, 2, 1, 3], "texture": "#1_0"},
				"up": {"uv": [0, 2, 1, 3], "texture": "#1_0"},
				"down": {"uv": [0, 2, 1, 3], "texture": "#1_0"}
			}
		},
		{
			"from": [4.75, 7, 4.75],
			"to": [5.95, 8.2, 5.95],
			"rotation": {"angle": 0, "axis": "y", "origin": [12.75, 15, 12.75]},
			"faces": {
				"north": {"uv": [0, 2, 1, 3], "texture": "#1_0"},
				"east": {"uv": [0, 2, 1, 3], "texture": "#1_0"},
				"south": {"uv": [0, 2, 1, 3], "texture": "#1_0"},
				"west": {"uv": [0, 2, 1, 3], "texture": "#1_0"},
				"up": {"uv": [0, 2, 1, 3], "texture": "#1_0"},
				"down": {"uv": [0, 2, 1, 3], "texture": "#1_0"}
			}
		},
		{
			"from": [5.75, 8, 9],
			"to": [6.95, 10.2, 10.2],
			"rotation": {"angle": 0, "axis": "y", "origin": [13.75, 16, 17]},
			"faces": {
				"north": {"uv": [1, 0, 2, 2], "texture": "#1_0"},
				"east": {"uv": [1, 0, 2, 2], "texture": "#1_0"},
				"south": {"uv": [1, 0, 2, 2], "texture": "#1_0"},
				"west": {"uv": [1, 0, 2, 2], "texture": "#1_0"},
				"up": {"uv": [0, 2, 1, 3], "texture": "#1_0"},
				"down": {"uv": [0, 2, 1, 3], "texture": "#1_0"}
			}
		},
		{
			"from": [10, 2, 10],
			"to": [11, 7, 11],
			"rotation": {"angle": 0, "axis": "y", "origin": [18, 12, 18]},
			"faces": {
				"north": {"uv": [0, 2, 1, 8], "texture": "#1_0"},
				"east": {"uv": [0, 2, 1, 8], "texture": "#1_0"},
				"south": {"uv": [0, 2, 1, 8], "texture": "#1_0"},
				"west": {"uv": [0, 2, 1, 8], "texture": "#1_0"},
				"up": {"uv": [0, 3, 1, 4], "texture": "#1_0"},
				"down": {"uv": [0, 8, 1, 9], "texture": "#1_0"}
			}
		},
		{
			"from": [5, 2, 10],
			"to": [6, 7, 11],
			"rotation": {"angle": 0, "axis": "y", "origin": [13, 12, 18]},
			"faces": {
				"north": {"uv": [0, 2, 1, 8], "texture": "#1_0"},
				"east": {"uv": [0, 2, 1, 8], "texture": "#1_0"},
				"south": {"uv": [0, 2, 1, 8], "texture": "#1_0"},
				"west": {"uv": [0, 2, 1, 8], "texture": "#1_0"},
				"up": {"uv": [0, 3, 1, 4], "texture": "#1_0"},
				"down": {"uv": [0, 8, 1, 9], "texture": "#1_0"}
			}
		},
		{
			"from": [5, 2, 5],
			"to": [6, 7, 6],
			"rotation": {"angle": 0, "axis": "y", "origin": [13, 12, 13]},
			"faces": {
				"north": {"uv": [0, 2, 1, 8], "texture": "#1_0"},
				"east": {"uv": [0, 2, 1, 8], "texture": "#1_0"},
				"south": {"uv": [0, 2, 1, 8], "texture": "#1_0"},
				"west": {"uv": [0, 2, 1, 8], "texture": "#1_0"},
				"up": {"uv": [0, 3, 1, 4], "texture": "#1_0"},
				"down": {"uv": [0, 8, 1, 9], "texture": "#1_0"}
			}
		},
		{
			"from": [10, 2, 5],
			"to": [11, 7, 6],
			"rotation": {"angle": 0, "axis": "y", "origin": [18, 12, 13]},
			"faces": {
				"north": {"uv": [0, 2, 1, 8], "texture": "#1_0"},
				"east": {"uv": [0, 2, 1, 8], "texture": "#1_0"},
				"south": {"uv": [0, 2, 1, 8], "texture": "#1_0"},
				"west": {"uv": [0, 2, 1, 8], "texture": "#1_0"},
				"up": {"uv": [0, 3, 1, 4], "texture": "#1_0"},
				"down": {"uv": [0, 0, 1, 1], "texture": "#missing"}
			}
		}
	],
	"display": {
		"thirdperson_righthand": {
			"rotation": [70, 0, 0],
			"translation": [0, -2.5, -2.5],
			"scale": [0.9, 0.9, 0.9]
		},
		"thirdperson_lefthand": {
			"rotation": [70, 0, 0],
			"translation": [0, -2.5, -2.5],
			"scale": [0.9, 0.9, 0.9]
		},
		"firstperson_righthand": {
			"translation": [3, 2.25, -2]
		},
		"firstperson_lefthand": {
			"translation": [3, 2.25, -2]
		},
		"ground": {
			"translation": [0, 3.25, 0]
		},
		"gui": {
			"rotation": [25, 45, 0],
			"translation": [0, 2, 0]
		},
		"head": {
			"rotation": [-6, 4, 0],
			"translation": [0, -12.5, 6.5],
			"scale": [1.25, 1.25, 1.25]
		},
		"fixed": {
			"translation": [0, 0.5, -4],
			"scale": [1.25, 1.25, 1.25]
		}
	},
	"groups": [
		{
			"name": "lantern_hanging",
			"origin": [8, 8, 8],
			"children": [
				{
					"name": "lantern_hanging",
					"origin": [8, 8, 8],
					"children": [
						{
							"name": "group",
							"origin": [14, 8, 14],
							"children": [0, 1, 2, 3, 4]
						},
						{
							"name": "group",
							"origin": [13, 15, 13],
							"children": [5, 6, 7, 8, 9, 10, 11, 12, 13, 14, 15, 16, 17, 18, 19, 20]
						}
					]
				}
			]
		}
	]
}