{
	"credit": "Made with Blockbench",
	"textures": {
		"0": "block/cake_bottom",
		"2": "block/cake_side",
		"3": "block/cake_top",
		"particle": "block/cake_bottom"
	},
	"elements": [
		{
			"from": [2, 0, 2],
			"to": [14, 6, 14],
			"rotation": {"angle": 0, "axis": "y", "origin": [10, 8, 10]},
			"faces": {
				"north": {"uv": [1, 8, 15, 16], "texture": "#2"},
				"east": {"uv": [1, 8, 15, 16], "texture": "#2"},
				"south": {"uv": [1, 8, 15, 16], "texture": "#2"},
				"west": {"uv": [1, 8, 15, 16], "texture": "#2"},
				"up": {"uv": [1, 1, 15, 15], "texture": "#3"},
				"down": {"uv": [1, 1, 15, 15], "texture": "#0"}
			}
		}
	]
}