{
	"credit": "Made with Blockbench",
	"elements": [
		{
			"from": [7.74561, 7.00439, 8.9],
			"to": [8.34561, 8.00439, 9.9],
			"rotation": {"angle": 0, "axis": "y", "origin": [8.24561, 9.25, 6.65439]},
			"faces": {
				"north": {"uv": [6, 8, 7, 9], "rotation": 270, "texture": "#texture"},
				"east": {"uv": [6, 8, 7, 9], "texture": "#texture"},
				"south": {"uv": [6, 8, 7, 9], "rotation": 90, "texture": "#texture"},
				"west": {"uv": [6, 8, 7, 9], "rotation": 180, "texture": "#texture"},
				"up": {"uv": [6, 8, 7, 9], "rotation": 90, "texture": "#texture"},
				"down": {"uv": [6, 8, 7, 9], "rotation": 90, "texture": "#texture"}
			}
		},
		{
			"from": [7.57061, 6.00439, 8.9],
			"to": [8.52061, 7.00439, 9.9],
			"rotation": {"angle": 0, "axis": "y", "origin": [8.24561, 9.25, 6.65439]},
			"faces": {
				"north": {"uv": [6, 9, 7, 10], "rotation": 270, "texture": "#texture"},
				"east": {"uv": [6, 9, 7, 10], "texture": "#texture"},
				"south": {"uv": [6, 9, 7, 10], "rotation": 90, "texture": "#texture"},
				"west": {"uv": [6, 9, 7, 10], "rotation": 180, "texture": "#texture"},
				"up": {"uv": [6, 9, 7, 10], "rotation": 90, "texture": "#texture"},
				"down": {"uv": [6, 9, 7, 10], "rotation": 90, "texture": "#texture"}
			}
		},
		{
			"from": [7.74561, 6.00439, 7.9],
			"to": [8.34561, 7.00439, 8.9],
			"rotation": {"angle": 0, "axis": "y", "origin": [8.24561, 9.25, 6.65439]},
			"faces": {
				"north": {"uv": [7, 9, 8, 10], "rotation": 270, "texture": "#texture"},
				"east": {"uv": [7, 9, 8, 10], "texture": "#texture"},
				"south": {"uv": [7, 9, 8, 10], "rotation": 90, "texture": "#texture"},
				"west": {"uv": [7, 9, 8, 10], "rotation": 180, "texture": "#texture"},
				"up": {"uv": [7, 9, 8, 10], "rotation": 90, "texture": "#texture"},
				"down": {"uv": [7, 9, 8, 10], "rotation": 90, "texture": "#texture"}
			}
		},
		{
			"from": [7.57061, 8.00439, 8.9],
			"to": [8.52061, 9.00439, 9.9],
			"rotation": {"angle": 0, "axis": "y", "origin": [8.24561, 9.25, 6.65439]},
			"faces": {
				"north": {"uv": [6, 7, 7, 8], "rotation": 270, "texture": "#texture"},
				"east": {"uv": [6, 7, 7, 8], "texture": "#texture"},
				"south": {"uv": [6, 7, 7, 8], "rotation": 90, "texture": "#texture"},
				"west": {"uv": [6, 7, 7, 8], "rotation": 180, "texture": "#texture"},
				"up": {"uv": [6, 7, 7, 8], "rotation": 90, "texture": "#texture"},
				"down": {"uv": [6, 7, 7, 8], "rotation": 90, "texture": "#texture"}
			}
		},
		{
			"from": [7.74561, 8.00439, 7.9],
			"to": [8.34561, 9.00439, 8.9],
			"rotation": {"angle": 0, "axis": "y", "origin": [8.24561, 9.25, 6.65439]},
			"faces": {
				"north": {"uv": [7, 7, 8, 8], "rotation": 270, "texture": "#texture"},
				"east": {"uv": [7, 7, 8, 8], "texture": "#texture"},
				"south": {"uv": [7, 7, 8, 8], "rotation": 90, "texture": "#texture"},
				"west": {"uv": [7, 7, 8, 8], "rotation": 180, "texture": "#texture"},
				"up": {"uv": [7, 7, 8, 8], "rotation": 90, "texture": "#texture"},
				"down": {"uv": [7, 7, 8, 8], "rotation": 90, "texture": "#texture"}
			}
		},
		{
			"from": [7.57061, 9.00439, 7.9],
			"to": [8.52061, 10.00439, 8.9],
			"rotation": {"angle": 0, "axis": "y", "origin": [8.24561, 9.25, 6.65439]},
			"faces": {
				"north": {"uv": [7, 6, 8, 7], "rotation": 270, "texture": "#texture"},
				"east": {"uv": [7, 6, 8, 7], "texture": "#texture"},
				"south": {"uv": [7, 6, 8, 7], "rotation": 90, "texture": "#texture"},
				"west": {"uv": [7, 6, 8, 7], "rotation": 180, "texture": "#texture"},
				"up": {"uv": [7, 6, 8, 7], "rotation": 90, "texture": "#texture"},
				"down": {"uv": [7, 6, 8, 7], "rotation": 90, "texture": "#texture"}
			}
		},
		{
			"from": [7.74561, 9.00439, 6.9],
			"to": [8.34561, 10.00439, 7.9],
			"rotation": {"angle": 0, "axis": "y", "origin": [8.24561, 9.25, 6.65439]},
			"faces": {
				"north": {"uv": [8, 6, 9, 7], "rotation": 270, "texture": "#texture"},
				"east": {"uv": [8, 6, 9, 7], "texture": "#texture"},
				"south": {"uv": [8, 6, 9, 7], "rotation": 90, "texture": "#texture"},
				"west": {"uv": [8, 6, 9, 7], "rotation": 180, "texture": "#texture"},
				"up": {"uv": [8, 6, 9, 7], "rotation": 90, "texture": "#texture"},
				"down": {"uv": [8, 6, 9, 7], "rotation": 90, "texture": "#texture"}
			}
		},
		{
			"from": [7.57061, 10.00439, 6.9],
			"to": [8.52061, 11.00439, 7.9],
			"rotation": {"angle": 0, "axis": "y", "origin": [8.24561, 9.25, 6.65439]},
			"faces": {
				"north": {"uv": [8, 5, 9, 6], "rotation": 270, "texture": "#texture"},
				"east": {"uv": [8, 5, 9, 6], "texture": "#texture"},
				"south": {"uv": [8, 5, 9, 6], "rotation": 90, "texture": "#texture"},
				"west": {"uv": [8, 5, 9, 6], "rotation": 180, "texture": "#texture"},
				"up": {"uv": [8, 5, 9, 6], "rotation": 90, "texture": "#texture"},
				"down": {"uv": [8, 5, 9, 6], "rotation": 90, "texture": "#texture"}
			}
		},
		{
			"from": [7.74561, 10.00439, 5.9],
			"to": [8.34561, 11.00439, 6.9],
			"rotation": {"angle": 0, "axis": "y", "origin": [8.24561, 9.25, 6.65439]},
			"faces": {
				"north": {"uv": [9, 5, 10, 6], "rotation": 270, "texture": "#texture"},
				"east": {"uv": [9, 5, 10, 6], "texture": "#texture"},
				"south": {"uv": [9, 5, 10, 6], "rotation": 90, "texture": "#texture"},
				"west": {"uv": [9, 5, 10, 6], "rotation": 180, "texture": "#texture"},
				"up": {"uv": [9, 5, 10, 6], "rotation": 90, "texture": "#texture"},
				"down": {"uv": [9, 5, 10, 6], "rotation": 90, "texture": "#texture"}
			}
		},
		{
			"from": [7.57061, 11.00439, 5.9],
			"to": [8.52061, 12.00439, 6.9],
			"rotation": {"angle": 0, "axis": "y", "origin": [8.24561, 9.25, 6.65439]},
			"faces": {
				"north": {"uv": [9, 4, 10, 5], "rotation": 270, "texture": "#texture"},
				"east": {"uv": [9, 4, 10, 5], "texture": "#texture"},
				"south": {"uv": [9, 4, 10, 5], "rotation": 90, "texture": "#texture"},
				"west": {"uv": [9, 4, 10, 5], "rotation": 180, "texture": "#texture"},
				"up": {"uv": [9, 4, 10, 5], "rotation": 90, "texture": "#texture"},
				"down": {"uv": [9, 4, 10, 5], "rotation": 90, "texture": "#texture"}
			}
		},
		{
			"from": [7.74561, 11.00439, 4.9],
			"to": [8.34561, 12.00439, 5.9],
			"rotation": {"angle": 0, "axis": "y", "origin": [8.24561, 9.25, 6.65439]},
			"faces": {
				"north": {"uv": [10, 4, 11, 5], "rotation": 270, "texture": "#texture"},
				"east": {"uv": [10, 4, 11, 5], "texture": "#texture"},
				"south": {"uv": [10, 4, 11, 5], "rotation": 90, "texture": "#texture"},
				"west": {"uv": [10, 4, 11, 5], "rotation": 180, "texture": "#texture"},
				"up": {"uv": [10, 4, 11, 5], "rotation": 90, "texture": "#texture"},
				"down": {"uv": [10, 4, 11, 5], "rotation": 90, "texture": "#texture"}
			}
		},
		{
			"from": [7.57061, 12.00439, 4.9],
			"to": [8.52061, 13.00439, 5.9],
			"rotation": {"angle": 0, "axis": "y", "origin": [8.24561, 9.25, 6.65439]},
			"faces": {
				"north": {"uv": [10, 3, 11, 4], "rotation": 270, "texture": "#texture"},
				"east": {"uv": [10, 3, 11, 4], "texture": "#texture"},
				"south": {"uv": [10, 3, 11, 4], "rotation": 90, "texture": "#texture"},
				"west": {"uv": [10, 3, 11, 4], "rotation": 180, "texture": "#texture"},
				"up": {"uv": [10, 3, 11, 4], "rotation": 90, "texture": "#texture"},
				"down": {"uv": [10, 3, 11, 4], "rotation": 90, "texture": "#texture"}
			}
		},
		{
			"from": [7.74561, 12.00439, 3.9],
			"to": [8.34561, 13.00439, 4.9],
			"rotation": {"angle": 0, "axis": "y", "origin": [8.24561, 9.25, 6.65439]},
			"faces": {
				"north": {"uv": [11, 3, 12, 4], "rotation": 270, "texture": "#texture"},
				"east": {"uv": [11, 3, 12, 4], "texture": "#texture"},
				"south": {"uv": [11, 3, 12, 4], "rotation": 90, "texture": "#texture"},
				"west": {"uv": [11, 3, 12, 4], "rotation": 180, "texture": "#texture"},
				"up": {"uv": [11, 3, 12, 4], "rotation": 90, "texture": "#texture"},
				"down": {"uv": [11, 3, 12, 4], "rotation": 90, "texture": "#texture"}
			}
		},
		{
			"from": [7.57061, 13.00439, 3.9],
			"to": [8.52061, 14.00439, 4.9],
			"rotation": {"angle": 0, "axis": "y", "origin": [8.24561, 9.25, 6.65439]},
			"faces": {
				"north": {"uv": [11, 2, 12, 3], "rotation": 270, "texture": "#texture"},
				"east": {"uv": [11, 2, 12, 3], "texture": "#texture"},
				"south": {"uv": [11, 2, 12, 3], "rotation": 90, "texture": "#texture"},
				"west": {"uv": [11, 2, 12, 3], "rotation": 180, "texture": "#texture"},
				"up": {"uv": [11, 2, 12, 3], "rotation": 90, "texture": "#texture"},
				"down": {"uv": [11, 2, 12, 3], "rotation": 90, "texture": "#texture"}
			}
		},
		{
			"from": [7.74561, 13.00439, 2.9],
			"to": [8.34561, 14.00439, 3.9],
			"rotation": {"angle": 0, "axis": "y", "origin": [8.24561, 9.25, 6.65439]},
			"faces": {
				"north": {"uv": [12, 2, 13, 3], "rotation": 270, "texture": "#texture"},
				"east": {"uv": [12, 2, 13, 3], "texture": "#texture"},
				"south": {"uv": [12, 2, 13, 3], "rotation": 90, "texture": "#texture"},
				"west": {"uv": [12, 2, 13, 3], "rotation": 180, "texture": "#texture"},
				"up": {"uv": [12, 2, 13, 3], "rotation": 90, "texture": "#texture"},
				"down": {"uv": [12, 2, 13, 3], "rotation": 90, "texture": "#texture"}
			}
		},
		{
			"from": [7.57061, 14.00439, 2.9],
			"to": [8.52061, 15.00439, 3.9],
			"rotation": {"angle": 0, "axis": "y", "origin": [8.24561, 9.25, 6.65439]},
			"faces": {
				"north": {"uv": [12, 1, 13, 2], "rotation": 270, "texture": "#texture"},
				"east": {"uv": [12, 1, 13, 2], "texture": "#texture"},
				"south": {"uv": [12, 1, 13, 2], "rotation": 90, "texture": "#texture"},
				"west": {"uv": [12, 1, 13, 2], "rotation": 180, "texture": "#texture"},
				"up": {"uv": [12, 1, 13, 2], "rotation": 90, "texture": "#texture"},
				"down": {"uv": [12, 1, 13, 2], "rotation": 90, "texture": "#texture"}
			}
		},
		{
			"from": [7.74561, 14.00439, 0.9],
			"to": [8.34561, 15.00439, 1.9],
			"rotation": {"angle": 0, "axis": "y", "origin": [8.24561, 9.25, 6.65439]},
			"faces": {
				"north": {"uv": [14, 1, 15, 2], "rotation": 270, "texture": "#texture"},
				"east": {"uv": [14, 1, 15, 2], "texture": "#texture"},
				"south": {"uv": [14, 1, 15, 2], "rotation": 90, "texture": "#texture"},
				"west": {"uv": [14, 1, 15, 2], "rotation": 180, "texture": "#texture"},
				"up": {"uv": [14, 1, 15, 2], "rotation": 90, "texture": "#texture"},
				"down": {"uv": [14, 1, 15, 2], "rotation": 90, "texture": "#texture"}
			}
		},
		{
			"from": [7.74561, 14.00439, 1.9],
			"to": [8.34561, 15.00439, 2.9],
			"rotation": {"angle": 0, "axis": "y", "origin": [8.24561, 9.25, 6.65439]},
			"faces": {
				"north": {"uv": [13, 1, 14, 2], "rotation": 270, "texture": "#texture"},
				"east": {"uv": [13, 1, 14, 2], "texture": "#texture"},
				"south": {"uv": [13, 1, 14, 2], "rotation": 90, "texture": "#texture"},
				"west": {"uv": [13, 1, 14, 2], "rotation": 180, "texture": "#texture"},
				"up": {"uv": [13, 1, 14, 2], "rotation": 90, "texture": "#texture"},
				"down": {"uv": [13, 1, 14, 2], "rotation": 90, "texture": "#texture"}
			}
		},
		{
			"from": [7.74561, 13.00439, 0.9],
			"to": [8.34561, 14.00439, 1.9],
			"rotation": {"angle": 0, "axis": "y", "origin": [8.24561, 9.25, 6.65439]},
			"faces": {
				"north": {"uv": [14, 2, 15, 3], "rotation": 270, "texture": "#texture"},
				"east": {"uv": [14, 2, 15, 3], "texture": "#texture"},
				"south": {"uv": [14, 2, 15, 3], "rotation": 90, "texture": "#texture"},
				"west": {"uv": [14, 2, 15, 3], "rotation": 180, "texture": "#texture"},
				"up": {"uv": [14, 2, 15, 3], "rotation": 90, "texture": "#texture"},
				"down": {"uv": [14, 2, 15, 3], "rotation": 90, "texture": "#texture"}
			}
		},
		{
			"from": [7.57061, 13.00439, 1.9],
			"to": [8.52061, 14.00439, 2.9],
			"rotation": {"angle": 0, "axis": "y", "origin": [8.24561, 9.25, 6.65439]},
			"faces": {
				"north": {"uv": [13, 2, 14, 3], "rotation": 270, "texture": "#texture"},
				"east": {"uv": [13, 2, 14, 3], "texture": "#texture"},
				"south": {"uv": [13, 2, 14, 3], "rotation": 90, "texture": "#texture"},
				"west": {"uv": [13, 2, 14, 3], "rotation": 180, "texture": "#texture"},
				"up": {"uv": [13, 2, 14, 3], "rotation": 90, "texture": "#texture"},
				"down": {"uv": [13, 2, 14, 3], "rotation": 90, "texture": "#texture"}
			}
		},
		{
			"from": [7.57061, 15.00439, -0.1],
			"to": [8.52061, 16.00439, 0.9],
			"rotation": {"angle": 0, "axis": "y", "origin": [8.24561, 9.25, 6.65439]},
			"faces": {
				"north": {"uv": [15, 0, 16, 1], "rotation": 270, "texture": "#texture"},
				"east": {"uv": [15, 0, 16, 1], "texture": "#texture"},
				"south": {"uv": [15, 0, 16, 1], "rotation": 90, "texture": "#texture"},
				"west": {"uv": [15, 0, 16, 1], "rotation": 180, "texture": "#texture"},
				"up": {"uv": [15, 0, 16, 1], "rotation": 90, "texture": "#texture"},
				"down": {"uv": [15, 0, 16, 1], "rotation": 90, "texture": "#texture"}
			}
		},
		{
			"from": [7.57061, 15.00439, 0.9],
			"to": [8.52061, 16.00439, 2.9],
			"rotation": {"angle": 0, "axis": "y", "origin": [8.24561, 9.25, 6.65439]},
			"faces": {
				"north": {"uv": [13, 0, 15, 1], "rotation": 270, "texture": "#texture"},
				"east": {"uv": [13, 0, 15, 1], "texture": "#texture"},
				"south": {"uv": [13, 0, 15, 1], "rotation": 90, "texture": "#texture"},
				"west": {"uv": [13, 0, 15, 1], "rotation": 180, "texture": "#texture"},
				"up": {"uv": [13, 0, 15, 1], "rotation": 90, "texture": "#texture"},
				"down": {"uv": [13, 0, 15, 1], "rotation": 90, "texture": "#texture"}
			}
		},
		{
			"from": [7.57061, 13.00439, -0.1],
			"to": [8.52061, 15.00439, 0.9],
			"rotation": {"angle": 0, "axis": "y", "origin": [8.24561, 9.25, 6.65439]},
			"faces": {
				"north": {"uv": [15, 1, 16, 3], "rotation": 270, "texture": "#texture"},
				"east": {"uv": [15, 1, 16, 3], "texture": "#texture"},
				"south": {"uv": [15, 1, 16, 3], "rotation": 90, "texture": "#texture"},
				"west": {"uv": [15, 1, 16, 3], "rotation": 180, "texture": "#texture"},
				"up": {"uv": [15, 1, 16, 3], "rotation": 90, "texture": "#texture"},
				"down": {"uv": [15, 1, 16, 3], "rotation": 90, "texture": "#texture"}
			}
		},
		{
			"from": [7.57061, 12.00439, 0.9],
			"to": [8.52061, 13.00439, 1.9],
			"rotation": {"angle": 0, "axis": "y", "origin": [8.24561, 9.25, 6.65439]},
			"faces": {
				"north": {"uv": [14, 3, 15, 4], "rotation": 270, "texture": "#texture"},
				"east": {"uv": [14, 3, 15, 4], "texture": "#texture"},
				"south": {"uv": [14, 3, 15, 4], "rotation": 90, "texture": "#texture"},
				"west": {"uv": [14, 3, 15, 4], "rotation": 180, "texture": "#texture"},
				"up": {"uv": [14, 3, 15, 4], "rotation": 90, "texture": "#texture"},
				"down": {"uv": [14, 3, 15, 4], "rotation": 90, "texture": "#texture"}
			}
		},
		{
			"from": [7.57061, 11.00439, 1.9],
			"to": [8.52061, 12.00439, 2.9],
			"rotation": {"angle": 0, "axis": "y", "origin": [8.24561, 9.25, 6.65439]},
			"faces": {
				"north": {"uv": [13, 4, 14, 5], "rotation": 270, "texture": "#texture"},
				"east": {"uv": [13, 4, 14, 5], "texture": "#texture"},
				"south": {"uv": [13, 4, 14, 5], "rotation": 90, "texture": "#texture"},
				"west": {"uv": [13, 4, 14, 5], "rotation": 180, "texture": "#texture"},
				"up": {"uv": [13, 4, 14, 5], "rotation": 90, "texture": "#texture"},
				"down": {"uv": [13, 4, 14, 5], "rotation": 90, "texture": "#texture"}
			}
		},
		{
			"from": [7.57061, 10.00439, 2.9],
			"to": [8.52061, 11.00439, 3.9],
			"rotation": {"angle": 0, "axis": "y", "origin": [8.24561, 9.25, 6.65439]},
			"faces": {
				"north": {"uv": [12, 5, 13, 6], "rotation": 270, "texture": "#texture"},
				"east": {"uv": [12, 5, 13, 6], "texture": "#texture"},
				"south": {"uv": [12, 5, 13, 6], "rotation": 90, "texture": "#texture"},
				"west": {"uv": [12, 5, 13, 6], "rotation": 180, "texture": "#texture"},
				"up": {"uv": [12, 5, 13, 6], "rotation": 90, "texture": "#texture"},
				"down": {"uv": [12, 5, 13, 6], "rotation": 90, "texture": "#texture"}
			}
		},
		{
			"from": [7.57061, 8.00439, 4.9],
			"to": [8.52061, 9.00439, 5.9],
			"rotation": {"angle": 0, "axis": "y", "origin": [8.24561, 9.25, 6.65439]},
			"faces": {
				"north": {"uv": [10, 7, 11, 8], "rotation": 270, "texture": "#texture"},
				"east": {"uv": [10, 7, 11, 8], "texture": "#texture"},
				"south": {"uv": [10, 7, 11, 8], "rotation": 90, "texture": "#texture"},
				"west": {"uv": [10, 7, 11, 8], "rotation": 180, "texture": "#texture"},
				"up": {"uv": [10, 7, 11, 8], "rotation": 90, "texture": "#texture"},
				"down": {"uv": [10, 7, 11, 8], "rotation": 90, "texture": "#texture"}
			}
		},
		{
			"from": [7.57061, 7.00439, 5.9],
			"to": [8.52061, 8.00439, 6.9],
			"rotation": {"angle": 0, "axis": "y", "origin": [8.24561, 9.25, 6.65439]},
			"faces": {
				"north": {"uv": [9, 8, 10, 9], "rotation": 270, "texture": "#texture"},
				"east": {"uv": [9, 8, 10, 9], "texture": "#texture"},
				"south": {"uv": [9, 8, 10, 9], "rotation": 90, "texture": "#texture"},
				"west": {"uv": [9, 8, 10, 9], "rotation": 180, "texture": "#texture"},
				"up": {"uv": [9, 8, 10, 9], "rotation": 90, "texture": "#texture"},
				"down": {"uv": [9, 8, 10, 9], "rotation": 90, "texture": "#texture"}
			}
		},
		{
			"from": [7.57061, 6.00439, 6.9],
			"to": [8.52061, 7.00439, 7.9],
			"rotation": {"angle": 0, "axis": "y", "origin": [8.24561, 9.25, 6.65439]},
			"faces": {
				"north": {"uv": [8, 9, 9, 10], "rotation": 270, "texture": "#texture"},
				"east": {"uv": [8, 9, 9, 10], "texture": "#texture"},
				"south": {"uv": [8, 9, 9, 10], "rotation": 90, "texture": "#texture"},
				"west": {"uv": [8, 9, 9, 10], "rotation": 180, "texture": "#texture"},
				"up": {"uv": [8, 9, 9, 10], "rotation": 90, "texture": "#texture"},
				"down": {"uv": [8, 9, 9, 10], "rotation": 90, "texture": "#texture"}
			}
		},
		{
			"from": [7.57061, 7.00439, 7.9],
			"to": [8.52061, 8.00439, 8.9],
			"rotation": {"angle": 0, "axis": "y", "origin": [8.24561, 9.25, 6.65439]},
			"faces": {
				"north": {"uv": [7, 8, 8, 9], "rotation": 270, "texture": "#texture"},
				"east": {"uv": [7, 8, 8, 9], "texture": "#texture"},
				"south": {"uv": [7, 8, 8, 9], "rotation": 90, "texture": "#texture"},
				"west": {"uv": [7, 8, 8, 9], "rotation": 180, "texture": "#texture"},
				"up": {"uv": [7, 8, 8, 9], "rotation": 90, "texture": "#texture"},
				"down": {"uv": [7, 8, 8, 9], "rotation": 90, "texture": "#texture"}
			}
		},
		{
			"from": [7.74561, 7.00439, 6.9],
			"to": [8.34561, 8.00439, 7.9],
			"rotation": {"angle": 0, "axis": "y", "origin": [8.24561, 9.25, 6.65439]},
			"faces": {
				"north": {"uv": [8, 8, 9, 9], "rotation": 270, "texture": "#texture"},
				"east": {"uv": [8, 8, 9, 9], "texture": "#texture"},
				"south": {"uv": [8, 8, 9, 9], "rotation": 90, "texture": "#texture"},
				"west": {"uv": [8, 8, 9, 9], "rotation": 180, "texture": "#texture"},
				"up": {"uv": [8, 8, 9, 9], "rotation": 90, "texture": "#texture"},
				"down": {"uv": [8, 8, 9, 9], "rotation": 90, "texture": "#texture"}
			}
		},
		{
			"from": [7.74561, 8.00439, 5.9],
			"to": [8.34561, 9.00439, 6.9],
			"rotation": {"angle": 0, "axis": "y", "origin": [8.24561, 9.25, 6.65439]},
			"faces": {
				"north": {"uv": [9, 7, 10, 8], "rotation": 270, "texture": "#texture"},
				"east": {"uv": [9, 7, 10, 8], "texture": "#texture"},
				"south": {"uv": [9, 7, 10, 8], "rotation": 90, "texture": "#texture"},
				"west": {"uv": [9, 7, 10, 8], "rotation": 180, "texture": "#texture"},
				"up": {"uv": [9, 7, 10, 8], "rotation": 90, "texture": "#texture"},
				"down": {"uv": [9, 7, 10, 8], "rotation": 90, "texture": "#texture"}
			}
		},
		{
			"from": [7.57061, 9.00439, 3.9],
			"to": [8.52061, 10.00439, 4.9],
			"rotation": {"angle": 0, "axis": "y", "origin": [8.24561, 9.25, 6.65439]},
			"faces": {
				"north": {"uv": [11, 6, 12, 7], "rotation": 270, "texture": "#texture"},
				"east": {"uv": [11, 6, 12, 7], "texture": "#texture"},
				"south": {"uv": [11, 6, 12, 7], "rotation": 90, "texture": "#texture"},
				"west": {"uv": [11, 6, 12, 7], "rotation": 180, "texture": "#texture"},
				"up": {"uv": [11, 6, 12, 7], "rotation": 90, "texture": "#texture"},
				"down": {"uv": [11, 6, 12, 7], "rotation": 90, "texture": "#texture"}
			}
		},
		{
			"from": [7.74561, 9.00439, 4.9],
			"to": [8.34561, 10.00439, 5.9],
			"rotation": {"angle": 0, "axis": "y", "origin": [8.24561, 9.25, 6.65439]},
			"faces": {
				"north": {"uv": [10, 6, 11, 7], "rotation": 270, "texture": "#texture"},
				"east": {"uv": [10, 6, 11, 7], "texture": "#texture"},
				"south": {"uv": [10, 6, 11, 7], "rotation": 90, "texture": "#texture"},
				"west": {"uv": [10, 6, 11, 7], "rotation": 180, "texture": "#texture"},
				"up": {"uv": [10, 6, 11, 7], "rotation": 90, "texture": "#texture"},
				"down": {"uv": [10, 6, 11, 7], "rotation": 90, "texture": "#texture"}
			}
		},
		{
			"from": [7.74561, 10.00439, 3.9],
			"to": [8.34561, 11.00439, 4.9],
			"rotation": {"angle": 0, "axis": "y", "origin": [8.24561, 9.25, 6.65439]},
			"faces": {
				"north": {"uv": [11, 5, 12, 6], "rotation": 270, "texture": "#texture"},
				"east": {"uv": [11, 5, 12, 6], "texture": "#texture"},
				"south": {"uv": [11, 5, 12, 6], "rotation": 90, "texture": "#texture"},
				"west": {"uv": [11, 5, 12, 6], "rotation": 180, "texture": "#texture"},
				"up": {"uv": [11, 5, 12, 6], "rotation": 90, "texture": "#texture"},
				"down": {"uv": [11, 5, 12, 6], "rotation": 90, "texture": "#texture"}
			}
		},
		{
			"from": [7.57061, 10.00439, 4.9],
			"to": [8.52061, 11.00439, 5.9],
			"rotation": {"angle": 0, "axis": "y", "origin": [8.24561, 9.25, 6.65439]},
			"faces": {
				"north": {"uv": [10, 5, 11, 6], "rotation": 270, "texture": "#texture"},
				"east": {"uv": [10, 5, 11, 6], "texture": "#texture"},
				"south": {"uv": [10, 5, 11, 6], "rotation": 90, "texture": "#texture"},
				"west": {"uv": [10, 5, 11, 6], "rotation": 180, "texture": "#texture"},
				"up": {"uv": [10, 5, 11, 6], "rotation": 90, "texture": "#texture"},
				"down": {"uv": [10, 5, 11, 6], "rotation": 90, "texture": "#texture"}
			}
		},
		{
			"from": [7.57061, 9.00439, 5.9],
			"to": [8.52061, 10.00439, 6.9],
			"rotation": {"angle": 0, "axis": "y", "origin": [8.24561, 9.25, 6.65439]},
			"faces": {
				"north": {"uv": [9, 6, 10, 7], "rotation": 270, "texture": "#texture"},
				"east": {"uv": [9, 6, 10, 7], "texture": "#texture"},
				"south": {"uv": [9, 6, 10, 7], "rotation": 90, "texture": "#texture"},
				"west": {"uv": [9, 6, 10, 7], "rotation": 180, "texture": "#texture"},
				"up": {"uv": [9, 6, 10, 7], "rotation": 90, "texture": "#texture"},
				"down": {"uv": [9, 6, 10, 7], "rotation": 90, "texture": "#texture"}
			}
		},
		{
			"from": [7.57061, 8.00439, 6.9],
			"to": [8.52061, 9.00439, 7.9],
			"rotation": {"angle": 0, "axis": "y", "origin": [8.24561, 9.25, 6.65439]},
			"faces": {
				"north": {"uv": [8, 7, 9, 8], "rotation": 270, "texture": "#texture"},
				"east": {"uv": [8, 7, 9, 8], "texture": "#texture"},
				"south": {"uv": [8, 7, 9, 8], "rotation": 90, "texture": "#texture"},
				"west": {"uv": [8, 7, 9, 8], "rotation": 180, "texture": "#texture"},
				"up": {"uv": [8, 7, 9, 8], "rotation": 90, "texture": "#texture"},
				"down": {"uv": [8, 7, 9, 8], "rotation": 90, "texture": "#texture"}
			}
		},
		{
			"from": [7.57061, 11.00439, 3.9],
			"to": [8.52061, 12.00439, 4.9],
			"rotation": {"angle": 0, "axis": "y", "origin": [8.24561, 9.25, 6.65439]},
			"faces": {
				"north": {"uv": [11, 4, 12, 5], "rotation": 270, "texture": "#texture"},
				"east": {"uv": [11, 4, 12, 5], "texture": "#texture"},
				"south": {"uv": [11, 4, 12, 5], "rotation": 90, "texture": "#texture"},
				"west": {"uv": [11, 4, 12, 5], "rotation": 180, "texture": "#texture"},
				"up": {"uv": [11, 4, 12, 5], "rotation": 90, "texture": "#texture"},
				"down": {"uv": [11, 4, 12, 5], "rotation": 90, "texture": "#texture"}
			}
		},
		{
			"from": [7.74561, 11.00439, 2.9],
			"to": [8.34561, 12.00439, 3.9],
			"rotation": {"angle": 0, "axis": "y", "origin": [8.24561, 9.25, 6.65439]},
			"faces": {
				"north": {"uv": [12, 4, 13, 5], "rotation": 270, "texture": "#texture"},
				"east": {"uv": [12, 4, 13, 5], "texture": "#texture"},
				"south": {"uv": [12, 4, 13, 5], "rotation": 90, "texture": "#texture"},
				"west": {"uv": [12, 4, 13, 5], "rotation": 180, "texture": "#texture"},
				"up": {"uv": [12, 4, 13, 5], "rotation": 90, "texture": "#texture"},
				"down": {"uv": [12, 4, 13, 5], "rotation": 90, "texture": "#texture"}
			}
		},
		{
			"from": [7.57061, 12.00439, 2.9],
			"to": [8.52061, 13.00439, 3.9],
			"rotation": {"angle": 0, "axis": "y", "origin": [8.24561, 9.25, 6.65439]},
			"faces": {
				"north": {"uv": [12, 3, 13, 4], "rotation": 270, "texture": "#texture"},
				"east": {"uv": [12, 3, 13, 4], "texture": "#texture"},
				"south": {"uv": [12, 3, 13, 4], "rotation": 90, "texture": "#texture"},
				"west": {"uv": [12, 3, 13, 4], "rotation": 180, "texture": "#texture"},
				"up": {"uv": [12, 3, 13, 4], "rotation": 90, "texture": "#texture"},
				"down": {"uv": [12, 3, 13, 4], "rotation": 90, "texture": "#texture"}
			}
		},
		{
			"from": [7.74561, 12.00439, 1.9],
			"to": [8.34561, 13.00439, 2.9],
			"rotation": {"angle": 0, "axis": "y", "origin": [8.24561, 9.25, 6.65439]},
			"faces": {
				"north": {"uv": [13, 3, 14, 4], "rotation": 270, "texture": "#texture"},
				"east": {"uv": [13, 3, 14, 4], "texture": "#texture"},
				"south": {"uv": [13, 3, 14, 4], "rotation": 90, "texture": "#texture"},
				"west": {"uv": [13, 3, 14, 4], "rotation": 180, "texture": "#texture"},
				"up": {"uv": [13, 3, 14, 4], "rotation": 90, "texture": "#texture"},
				"down": {"uv": [13, 3, 14, 4], "rotation": 90, "texture": "#texture"}
			}
		},
		{
			"from": [7.54561, 2.00439, 5.9],
			"to": [8.49561, 4.00439, 7.9],
			"rotation": {"angle": 0, "axis": "y", "origin": [8.04561, 9.25, 6.65439]},
			"faces": {
				"north": {"uv": [8, 13, 10, 14], "rotation": 270, "texture": "#texture"},
				"east": {"uv": [8, 12, 10, 14], "texture": "#texture"},
				"south": {"uv": [8, 12, 10, 14], "rotation": 90, "texture": "#texture"},
				"west": {"uv": [8, 12, 10, 14], "rotation": 90, "texture": "#texture"},
				"up": {"uv": [8, 12, 10, 13], "rotation": 270, "texture": "#texture"},
				"down": {"uv": [8, 13, 10, 14], "rotation": 90, "texture": "#texture"}
			}
		},
		{
			"from": [7.54561, 3.00439, 7.9],
			"to": [8.49561, 5.00439, 9.9],
			"rotation": {"angle": 0, "axis": "y", "origin": [8.04561, 9.25, 6.65439]},
			"faces": {
				"north": {"uv": [6, 11, 8, 13], "rotation": 270, "texture": "#texture"},
				"east": {"uv": [6, 11, 8, 13], "texture": "#texture"},
				"south": {"uv": [6, 12, 8, 13], "rotation": 90, "texture": "#texture"},
				"west": {"uv": [6, 11, 8, 13], "texture": "#texture"},
				"up": {"uv": [6, 11, 8, 13], "rotation": 90, "texture": "#texture"},
				"down": {"uv": [6, 12, 8, 13], "rotation": 90, "texture": "#texture"}
			}
		},
		{
			"from": [7.54561, 4.00439, 9.9],
			"to": [8.49561, 6.00439, 11.9],
			"rotation": {"angle": 0, "axis": "y", "origin": [8.04561, 9.25, 6.65439]},
			"faces": {
				"north": {"uv": [4, 10, 6, 12], "rotation": 270, "texture": "#texture"},
				"east": {"uv": [4, 10, 6, 12], "texture": "#texture"},
				"south": {"uv": [4, 10, 6, 11], "rotation": 90, "texture": "#texture"},
				"west": {"uv": [4, 10, 6, 12], "rotation": 270, "texture": "#texture"},
				"up": {"uv": [4, 10, 6, 12], "rotation": 90, "texture": "#texture"},
				"down": {"uv": [4, 11, 6, 12], "rotation": 90, "texture": "#texture"}
			}
		},
		{
			"from": [7.54561, 6.00439, 10.9],
			"to": [8.49561, 8.00439, 12.9],
			"rotation": {"angle": 0, "axis": "y", "origin": [8.04561, 9.25, 6.65439]},
			"faces": {
				"north": {"uv": [3, 8, 5, 10], "rotation": 270, "texture": "#texture"},
				"east": {"uv": [3, 8, 5, 10], "texture": "#texture"},
				"south": {"uv": [3, 8, 4, 10], "texture": "#texture"},
				"west": {"uv": [3, 8, 5, 10], "rotation": 180, "texture": "#texture"},
				"up": {"uv": [3, 8, 5, 10], "rotation": 90, "texture": "#texture"},
				"down": {"uv": [3, 8, 5, 9], "rotation": 90, "texture": "#texture"}
			}
		},
		{
			"from": [7.54561, 8.00439, 11.9],
			"to": [8.49561, 10.00439, 13.9],
			"rotation": {"angle": 0, "axis": "y", "origin": [8.04561, 9.25, 6.65439]},
			"faces": {
				"north": {"uv": [2, 7, 4, 8], "rotation": 90, "texture": "#texture"},
				"east": {"uv": [2, 6, 4, 8], "texture": "#texture"},
				"south": {"uv": [2, 6, 4, 7], "rotation": 90, "texture": "#texture"},
				"west": {"uv": [2, 6, 4, 8], "rotation": 90, "texture": "#texture"},
				"up": {"uv": [2, 6, 4, 7], "rotation": 90, "texture": "#texture"},
				"down": {"uv": [2, 6, 4, 8], "rotation": 90, "texture": "#texture"}
			}
		},
		{
			"from": [7.54561, 4.00439, 6.9],
			"to": [8.49561, 5.00439, 7.9],
			"rotation": {"angle": 0, "axis": "y", "origin": [8.04561, 9.25, 6.65439]},
			"faces": {
				"north": {"uv": [8, 11, 9, 12], "rotation": 270, "texture": "#texture"},
				"east": {"uv": [8, 11, 9, 12], "texture": "#texture"},
				"south": {"uv": [8, 11, 9, 12], "rotation": 90, "texture": "#texture"},
				"west": {"uv": [8, 11, 9, 12], "rotation": 180, "texture": "#texture"},
				"up": {"uv": [8, 11, 9, 12], "rotation": 90, "texture": "#texture"},
				"down": {"uv": [8, 11, 9, 12], "rotation": 90, "texture": "#texture"}
			}
		},
		{
			"from": [7.54561, 8.00439, 10.9],
			"to": [8.49561, 9.00439, 11.9],
			"rotation": {"angle": 0, "axis": "y", "origin": [8.04561, 9.25, 6.65439]},
			"faces": {
				"north": {"uv": [4, 7, 5, 8], "rotation": 270, "texture": "#texture"},
				"east": {"uv": [4, 7, 5, 8], "texture": "#texture"},
				"south": {"uv": [4, 7, 5, 8], "rotation": 90, "texture": "#texture"},
				"west": {"uv": [4, 7, 5, 8], "rotation": 180, "texture": "#texture"},
				"up": {"uv": [4, 7, 5, 8], "rotation": 90, "texture": "#texture"},
				"down": {"uv": [4, 7, 5, 8], "rotation": 90, "texture": "#texture"}
			}
		},
		{
			"from": [7.54561, 6.00439, 9.9],
			"to": [8.49561, 8.00439, 10.9],
			"rotation": {"angle": 0, "axis": "y", "origin": [8.04561, 9.25, 6.65439]},
			"faces": {
				"north": {"uv": [5, 8, 6, 10], "rotation": 270, "texture": "#texture"},
				"east": {"uv": [5, 8, 6, 10], "texture": "#texture"},
				"south": {"uv": [5, 8, 6, 10], "rotation": 90, "texture": "#texture"},
				"west": {"uv": [5, 8, 6, 10], "texture": "#texture"},
				"up": {"uv": [5, 8, 6, 9], "rotation": 90, "texture": "#texture"},
				"down": {"uv": [5, 8, 6, 10], "rotation": 90, "texture": "#texture"}
			}
		},
		{
			"from": [7.54561, 5.00439, 7.9],
			"to": [8.49561, 6.00439, 9.9],
			"rotation": {"angle": 0, "axis": "y", "origin": [8.04561, 9.25, 6.65439]},
			"faces": {
				"north": {"uv": [7, 10, 8, 11], "rotation": 270, "texture": "#texture"},
				"east": {"uv": [6, 10, 8, 11], "texture": "#texture"},
				"south": {"uv": [6, 10, 8, 11], "rotation": 90, "texture": "#texture"},
				"west": {"uv": [6, 10, 8, 11], "texture": "#texture"},
				"up": {"uv": [6, 10, 8, 11], "rotation": 90, "texture": "#texture"},
				"down": {"uv": [6, 10, 8, 11], "rotation": 90, "texture": "#texture"}
			}
		},
		{
			"from": [7.54561, 3.00439, 10.9],
			"to": [8.49561, 4.00439, 11.9],
			"rotation": {"angle": 0, "axis": "y", "origin": [8.04561, 9.25, 6.65439]},
			"faces": {
				"north": {"uv": [4, 12, 5, 13], "rotation": 270, "texture": "#texture"},
				"east": {"uv": [4, 12, 5, 13], "texture": "#texture"},
				"south": {"uv": [4, 12, 5, 13], "rotation": 90, "texture": "#texture"},
				"west": {"uv": [4, 12, 5, 13], "rotation": 180, "texture": "#texture"},
				"up": {"uv": [4, 12, 5, 13], "rotation": 90, "texture": "#texture"},
				"down": {"uv": [4, 12, 5, 13], "rotation": 90, "texture": "#texture"}
			}
		},
		{
			"from": [7.54561, 3.00439, 11.9],
			"to": [8.49561, 4.00439, 12.9],
			"rotation": {"angle": 0, "axis": "y", "origin": [8.04561, 9.25, 6.65439]},
			"faces": {
				"north": {"uv": [3, 12, 4, 13], "rotation": 270, "texture": "#texture"},
				"east": {"uv": [3, 12, 4, 13], "texture": "#texture"},
				"south": {"uv": [3, 12, 4, 13], "rotation": 90, "texture": "#texture"},
				"west": {"uv": [3, 12, 4, 13], "rotation": 180, "texture": "#texture"},
				"up": {"uv": [3, 12, 4, 13], "rotation": 90, "texture": "#texture"},
				"down": {"uv": [3, 12, 4, 13], "rotation": 90, "texture": "#texture"}
			}
		},
		{
			"from": [7.54561, 4.00439, 11.9],
			"to": [8.49561, 5.00439, 12.9],
			"rotation": {"angle": 0, "axis": "y", "origin": [8.04561, 9.25, 6.65439]},
			"faces": {
				"north": {"uv": [3, 11, 4, 12], "rotation": 270, "texture": "#texture"},
				"east": {"uv": [3, 11, 4, 12], "texture": "#texture"},
				"south": {"uv": [3, 11, 4, 12], "rotation": 90, "texture": "#texture"},
				"west": {"uv": [3, 11, 4, 12], "rotation": 180, "texture": "#texture"},
				"up": {"uv": [3, 11, 4, 12], "rotation": 90, "texture": "#texture"},
				"down": {"uv": [3, 11, 4, 12], "rotation": 90, "texture": "#texture"}
			}
		},
		{
			"from": [7.54561, 2.00439, 11.9],
			"to": [8.49561, 3.00439, 12.9],
			"rotation": {"angle": 0, "axis": "y", "origin": [8.04561, 9.25, 6.65439]},
			"faces": {
				"north": {"uv": [2, 13, 3, 14], "rotation": 270, "texture": "#texture"},
				"east": {"uv": [2, 13, 3, 14], "texture": "#texture"},
				"south": {"uv": [2, 13, 3, 14], "rotation": 90, "texture": "#texture"},
				"west": {"uv": [2, 13, 3, 14], "rotation": 180, "texture": "#texture"},
				"up": {"uv": [2, 13, 3, 14], "rotation": 90, "texture": "#texture"},
				"down": {"uv": [2, 13, 3, 14], "rotation": 90, "texture": "#texture"}
			}
		},
		{
			"from": [7.54561, 3.00439, 12.9],
			"to": [8.49561, 4.00439, 13.9],
			"rotation": {"angle": 0, "axis": "y", "origin": [8.04561, 9.25, 6.65439]},
			"faces": {
				"north": {"uv": [2, 12, 3, 13], "rotation": 270, "texture": "#texture"},
				"east": {"uv": [2, 12, 3, 13], "texture": "#texture"},
				"south": {"uv": [2, 12, 3, 13], "rotation": 90, "texture": "#texture"},
				"west": {"uv": [2, 12, 3, 13], "rotation": 180, "texture": "#texture"},
				"up": {"uv": [2, 12, 3, 13], "rotation": 90, "texture": "#texture"},
				"down": {"uv": [2, 12, 3, 13], "rotation": 90, "texture": "#texture"}
			}
		},
		{
			"from": [7.54561, 0.00439, 12.9],
			"to": [8.49561, 3.00439, 15.9],
			"rotation": {"angle": 0, "axis": "y", "origin": [8.04561, 9.25, 6.65439]},
			"faces": {
				"north": {"uv": [0, 13, 3, 14], "rotation": 270, "texture": "#texture"},
				"east": {"uv": [0, 13, 3, 16], "texture": "#texture"},
				"south": {"uv": [0, 13, 1, 16], "texture": "#texture"},
				"west": {"uv": [0, 13, 3, 16], "rotation": 270, "texture": "#texture"},
				"up": {"uv": [0, 13, 3, 14], "rotation": 270, "texture": "#texture"},
				"down": {"uv": [0, 15, 3, 16], "rotation": 90, "texture": "#texture"}
			}
		}
	],
	"gui_light": "front",
	"display": {
		"thirdperson_righthand": {
			"rotation": [25, 0, 0],
			"translation": [0, 4.5, -0.75]
		},
		"thirdperson_lefthand": {
			"rotation": [25, 0, 0],
			"translation": [0, 4.5, -0.75]
		},
		"firstperson_righthand": {
			"rotation": [45, 0, 0],
			"translation": [3.75, 3.75, -1.75]
		},
		"firstperson_lefthand": {
			"rotation": [45, 0, 0],
			"translation": [3.75, 3.75, -1.75]
		},
		"ground": {
			"rotation": [0, 0, 90],
			"translation": [0, -3.5, 0]
		},
		"gui": {
			"rotation": [0, 90, 0],
			"translation": [0, 0.5, -0.5],
			"scale": [0.9, 0.9, 0.9]
		},
		"head": {
			"rotation": [-180, 0, 0],
			"translation": [0, 6, -8.25]
		},
		"fixed": {
			"rotation": [0, 90, 0],
			"translation": [0, 0, -0.5],
			"scale": [1.25, 1.25, 1.25]
		}
	},
	"groups": [
		{
			"name": "Sword",
			"origin": [8, 8, 8],
			"children": [
				{
					"name": "Metal",
					"origin": [21, 8, 11],
					"children": [0, 1, 2, 3, 4, 5, 6, 7, 8, 9, 10, 11, 12, 13, 14, 15, 16, 17, 18, 19, 20, 21, 22, 23, 24, 25, 26, 27, 28, 29, 30, 31, 32, 33, 34, 35, 36, 37, 38, 39, 40, 41]
				},
				{
					"name": "CrossGuard",
					"origin": [13, 8, 16],
					"children": [42, 43, 44, 45, 46, 47, 48, 49, 50]
				},
				{
					"name": "Handle",
					"origin": [8, 8, 21],
					"children": [51, 52, 53, 54, 55, 56]
				}
			]
		}
	]
}