{
	"credit": "Made with Blockbench",
	"elements": [
		{
			"from": [7, 0, 7],
			"to": [9, 10, 9],
			"rotation": {"angle": 0, "axis": "y", "origin": [15, 8, 15]},
			"faces": {
				"north": {"uv": [7, 6, 9, 16], "texture": "#texture"},
				"east": {"uv": [7, 6, 9, 16], "texture": "#texture"},
				"south": {"uv": [7, 6, 9, 16], "texture": "#texture"},
				"west": {"uv": [7, 6, 9, 16], "texture": "#texture"},
				"up": {"uv": [7, 6, 9, 8], "texture": "#texture"},
				"down": {"uv": [7, 14, 9, 16], "texture": "#texture"}
			}
		}
	],
	"display": {
		"thirdperson_righthand": {
			"translation": [0, 5, 1.5]
		},
		"thirdperson_lefthand": {
			"translation": [0, 5, 1.5]
		},
		"firstperson_righthand": {
			"translation": [2.75, 3.5, 0]
		},
		"firstperson_lefthand": {
			"translation": [2.75, 3.5, 0]
		},
		"ground": {
			"rotation": [90, 0, 0],
			"translation": [0, -3, 0]
		},
		"gui": {
			"rotation": [0, 45, 25],
			"translation": [0, 3, 0]
		},
		"head": {
			"rotation": [-20, 0, 0],
			"translation": [0, 3, -8.75]
		}
	}
}