{
    "ambientocclusion": true,
    "textures": {
        "particle": "block/birch_door_top",
        "all": "block/birch_door_top"
    },
    "elements": [
        {
            "from": [1,0,3],
            "to": [2,13,13],
            "faces": {
                "down": {
                    "uv": [3,16,13,15],
                    "texture": "#all"
                },
                "west": {
                    "uv": [13,3,3,16],
                    "texture": "#all"
                },
                "east": {
                    "uv": [3,3,13,16],
                    "texture": "#all"
                }
            }
        },
        {
            "from": [0,13,3],
            "to": [3,16,13],
            "faces": {
                "up": {
                    "uv": [3,0,13,3],
                    "texture": "#all",
                    "rotation": 90
                },
                "down": {
                    "uv": [3,3,13,0],
                    "texture": "#all",
                    "rotation": 90
                },
                "west": {
                    "uv": [13,0,3,3],
                    "texture": "#all"
                },
                "east": {
                    "uv": [3,0,13,3],
                    "texture": "#all"
                }
            }
        },
        {
            "from": [-2,1.4375,6.5],
            "to": [-2,1.5,6.5625],
            "faces": {
                "west": {
                    "texture": "missingtexture"
                },
                "east": {
                    "uv": [6.5625,14.5,6.5,14.5625],
                    "texture": "missingtexture"
                }
            }
        },
        {
            "from": [0,0,0],
            "to": [3,16,3],
            "faces": {
                "up": {
                    "texture": "#all"
                },
                "down": {
                    "uv": [14,16,15,15],
                    "texture": "#all"
                },
                "west": {
                    "uv": [16,0,13,16],
                    "texture": "#all"
                },
                "east": {
                    "uv": [13,0,16,16],
                    "texture": "#all"
                },
                "north": {
                    "uv": [3,0,0,16],
                    "texture": "#all"
                },
                "south": {
                    "uv": [16,0,0,3],
                    "texture": "#all",
                    "rotation": 90
                }
            }
        },
        {
            "from": [0,0,13],
            "to": [3,16,16],
            "faces": {
                "up": {
                    "uv": [0,3,3,0],
                    "texture": "#all",
                    "cullface": "up"
                },
                "down": {
                    "uv": [14,15,15,16],
                    "texture": "#all",
                    "cullface": "down",
                    "rotation": 90
                },
                "west": {
                    "uv": [3,0,0,16],
                    "texture": "#all"
                },
                "east": {
                    "uv": [0,0,3,16],
                    "texture": "#all"
                },
                "north": {
                    "uv": [16,0,13,16],
                    "texture": "#all"
                },
                "south": {
                    "uv": [13,0,16,16],
                    "texture": "#all",
                    "cullface": "south"
                }
            }
        }
    ]
}