{
	"credit": "Made with Blockbench",
	"ambientocclusion": true,
	"textures": {
	"particle": "block/birch_door_bottom",
		"all": "block/birch_door_bottom"
	},
	"elements": [
		{
			"from": [0, 0, 0],
			"to": [3, 16, 3],
			"faces": {
				"north": {"uv": [3, 0, 0, 16], "texture": "#all", "cullface": "north"},
				"east": {"uv": [3, 0, 0, 16], "texture": "#all"},
				"south": {"uv": [13, 0, 16, 16], "texture": "#all"},
				"west": {"uv": [0, 0, 3, 16], "texture": "#all", "cullface": "west"},
				"up": {"uv": [0, 0, 3, 3], "texture": "#all"},
				"down": {"uv": [12, 12, 15, 15], "texture": "#all", "cullface": "down"}
			}
		},
		{
			"from": [0, 0, 13],
			"to": [3, 16, 16],
			"faces": {
				"north": {"uv": [16, 0, 13, 16], "texture": "#all"},
				"east": {"uv": [16, 0, 13, 16], "texture": "#all"},
				"south": {"uv": [13, 0, 16, 16], "texture": "#all", "cullface": "south"},
				"west": {"uv": [13, 0, 16, 16], "texture": "#all", "cullface": "west"},
				"up": {"uv": [13, 4, 14, 5], "texture": "#all"},
				"down": {"uv": [12, 10, 15, 13], "texture": "#all", "cullface": "down"}
			}
		},
		{
			"from": [0, 0, 3],
			"to": [3, 12, 13],
			"faces": {
				"north": {"uv": [3, 0, 0, 16], "texture": "#missingtexture", "cullface": "north"},
				"east": {"uv": [13, 4, 3, 16], "texture": "#all"},
				"south": {"uv": [0, 4, 3, 16], "texture": "#missingtexture", "cullface": "south"},
				"west": {"uv": [3, 4, 13, 16], "texture": "#all", "cullface": "west"},
				"up": {"uv": [3, 7, 13, 4], "rotation": 90, "texture": "#all"},
				"down": {"uv": [3, 5, 13, 8], "rotation": 90, "texture": "#all", "cullface": "down"}
			}
		},
		{
			"from": [1, 12, 3],
			"to": [2, 16, 13],
			"faces": {
				"north": {"uv": [3, 0, 0, 16], "texture": "#missingtexture", "cullface": "north"},
				"east": {"uv": [13, 0, 3, 4], "texture": "#all"},
				"south": {"uv": [1, 0, 2, 4], "texture": "#missingtexture", "cullface": "south"},
				"west": {"uv": [3, 0, 13, 4], "texture": "#all", "cullface": "west"},
				"down": {"uv": [3, 3, 13, 4], "rotation": 90, "texture": "#all", "cullface": "down"}
			}
		}
	]
}