{
	"credit": "Made with Blockbench",
	"ambientocclusion": true,
	"textures": {
		"0": "block/crafting_table_side",
		"1": "block/crafting_table_top",
		"2": "block/crafting_table_front",
		"3": "block/crafting_bench_sidetop",
		"4": "block/craftingbenchbottom",
		"particle": "block/crafting_table_side"
	},
	"elements": [
		{
			"name": "Main",
			"from": [2, 0, 2],
			"to": [16, 16, 16],
			"rotation": {"angle": 0, "axis": "y", "origin": [10, 8, 10]},
			"faces": {
				"north": {"uv": [0, 0, 14, 16], "texture": "#2"},
				"east": {"uv": [0, 0, 14, 16], "texture": "#0"},
				"south": {"uv": [2, 0, 16, 16], "texture": "#0"},
				"west": {"uv": [2, 0, 16, 16], "texture": "#2"},
				"up": {"uv": [2, 2, 16, 16], "texture": "#1"},
				"down": {"uv": [2, 0, 16, 14], "texture": "#4"}
			}
		},
		{
			"from": [16.5, 15.25, 5],
			"to": [17, 16.25, 11],
			"rotation": {"angle": 22.5, "axis": "z", "origin": [16.5, 15, 8]},
			"faces": {
				"north": {"uv": [10, 0, 11, 1], "texture": "#3"},
				"east": {"uv": [5, 0, 11, 1], "texture": "#3"},
				"south": {"uv": [5, 0, 6, 1], "texture": "#3"},
				"west": {"uv": [5, 0, 11, 1], "texture": "#3"},
				"up": {"uv": [5, 0, 11, 0.5], "rotation": 90, "texture": "#3"},
				"down": {"uv": [5, 0, 11, 0.5], "rotation": 90, "texture": "#3"}
			}
		},
		{
			"from": [16.5, 14.25, 6],
			"to": [17, 15.25, 10],
			"rotation": {"angle": 22.5, "axis": "z", "origin": [16.5, 15, 8]},
			"faces": {
				"north": {"uv": [9, 1, 10, 2], "rotation": 90, "texture": "#3"},
				"east": {"uv": [6, 1, 10, 2], "texture": "#3"},
				"south": {"uv": [6, 1, 7, 2], "rotation": 90, "texture": "#3"},
				"west": {"uv": [6, 1, 10, 2], "rotation": 90, "texture": "#3"},
				"up": {"uv": [6, 1, 10, 2], "rotation": 90, "texture": "#3"},
				"down": {"uv": [6, 1, 10, 2], "rotation": 90, "texture": "#3"}
			}
		},
		{
			"from": [-1, 15.25, 5],
			"to": [-0.5, 16.25, 11],
			"rotation": {"angle": -22.5, "axis": "z", "origin": [-0.5, 15, 8]},
			"faces": {
				"north": {"uv": [5, 0, 6, 1], "texture": "#3"},
				"east": {"uv": [5, 0, 11, 1], "texture": "#3"},
				"south": {"uv": [10, 0, 11, 1], "texture": "#3"},
				"west": {"uv": [5, 0, 11, 1], "texture": "#3"},
				"up": {"uv": [5, 0, 11, 0.5], "rotation": 270, "texture": "#3"},
				"down": {"uv": [5, 0, 11, 0.5], "rotation": 270, "texture": "#3"}
			}
		},
		{
			"from": [-1, 14.25, 6],
			"to": [-0.5, 15.25, 10],
			"rotation": {"angle": -22.5, "axis": "z", "origin": [-0.5, 15, 8]},
			"faces": {
				"north": {"uv": [6, 1, 7, 2], "rotation": 90, "texture": "#3"},
				"east": {"uv": [6, 1, 10, 2], "rotation": 90, "texture": "#3"},
				"south": {"uv": [9, 1, 10, 2], "rotation": 90, "texture": "#3"},
				"west": {"uv": [6, 1, 10, 2], "texture": "#3"},
				"up": {"uv": [6, 1, 10, 2], "rotation": 270, "texture": "#3"},
				"down": {"uv": [6, 1, 10, 2], "rotation": 270, "texture": "#3"}
			}
		},
		{
			"from": [5, 15.25, -1],
			"to": [11, 16.25, -0.5],
			"rotation": {"angle": 22.5, "axis": "x", "origin": [8, 15, -1]},
			"faces": {
				"north": {"uv": [5, 0, 11, 1], "texture": "#3"},
				"east": {"uv": [10, 0, 11, 1], "texture": "#3"},
				"south": {"uv": [5, 0, 11, 1], "texture": "#3"},
				"west": {"uv": [5, 0, 6, 1], "texture": "#3"},
				"up": {"uv": [5, 0, 11, 0.5], "rotation": 180, "texture": "#3"},
				"down": {"uv": [5, 0, 11, 0.5], "texture": "#3"}
			}
		},
		{
			"from": [6, 14.25, -1],
			"to": [10, 15.25, -0.5],
			"rotation": {"angle": 22.5, "axis": "x", "origin": [8, 15, -1]},
			"faces": {
				"north": {"uv": [6, 1, 10, 2], "texture": "#3"},
				"east": {"uv": [9, 1, 10, 2], "rotation": 90, "texture": "#3"},
				"south": {"uv": [6, 1, 10, 2], "texture": "#3"},
				"west": {"uv": [6, 1, 7, 2], "rotation": 90, "texture": "#3"},
				"up": {"uv": [6, 1, 10, 2], "rotation": 180, "texture": "#3"},
				"down": {"uv": [6, 1, 10, 2], "texture": "#3"}
			}
		},
		{
			"from": [5, 15.25, 16.5],
			"to": [11, 16.25, 17],
			"rotation": {"angle": -22.5, "axis": "x", "origin": [8, 15, 16.5]},
			"faces": {
				"north": {"uv": [5, 0, 11, 1], "texture": "#3"},
				"east": {"uv": [10, 0, 11, 1], "texture": "#3"},
				"south": {"uv": [5, 0, 11, 1], "texture": "#3"},
				"west": {"uv": [5, 0, 6, 1], "texture": "#3"},
				"up": {"uv": [5, 0, 11, 0.5], "rotation": 180, "texture": "#3"},
				"down": {"uv": [5, 0, 11, 0.5], "texture": "#3"}
			}
		},
		{
			"from": [6, 14.25, 16.5],
			"to": [10, 15.25, 17],
			"rotation": {"angle": -22.5, "axis": "x", "origin": [8, 15, 16.5]},
			"faces": {
				"north": {"uv": [6, 1, 10, 2], "rotation": 90, "texture": "#3"},
				"east": {"uv": [9, 1, 10, 2], "rotation": 90, "texture": "#3"},
				"south": {"uv": [6, 1, 10, 2], "texture": "#3"},
				"west": {"uv": [6, 1, 7, 2], "rotation": 90, "texture": "#3"},
				"up": {"uv": [6, 1, 10, 2], "rotation": 180, "texture": "#3"},
				"down": {"uv": [6, 1, 10, 2], "texture": "#3"}
			}
		},
		{
			"from": [16, 15.5, 5],
			"to": [16.75, 16.5, 11],
			"rotation": {"angle": 0, "axis": "y", "origin": [23.75, 23.5, 13]},
			"faces": {
				"north": {"uv": [10, 0, 11, 1], "texture": "#3"},
				"east": {"uv": [5, 0, 11, 1], "texture": "#3"},
				"south": {"uv": [5, 0, 6, 1], "texture": "#3"},
				"west": {"uv": [5, 0, 11, 1], "texture": "#3"},
				"up": {"uv": [5, 0, 11, 1], "rotation": 90, "texture": "#3"},
				"down": {"uv": [5, 0, 11, 1], "rotation": 90, "texture": "#3"}
			}
		},
		{
			"from": [-0.75, 15.5, 5],
			"to": [0, 16.5, 11],
			"rotation": {"angle": 0, "axis": "y", "origin": [7, 23.5, 13]},
			"faces": {
				"north": {"uv": [10, 0, 11, 1], "texture": "#3"},
				"east": {"uv": [5, 0, 11, 1], "texture": "#3"},
				"south": {"uv": [5, 0, 6, 1], "texture": "#3"},
				"west": {"uv": [5, 0, 11, 1], "texture": "#3"},
				"up": {"uv": [5, 0, 11, 1], "rotation": 90, "texture": "#3"},
				"down": {"uv": [5, 0, 11, 1], "rotation": 90, "texture": "#3"}
			}
		},
		{
			"from": [5, 15.5, 16],
			"to": [11, 16.5, 16.75],
			"rotation": {"angle": 0, "axis": "y", "origin": [8, 16, 16.375]},
			"faces": {
				"north": {"uv": [5, 0, 11, 1], "texture": "#3"},
				"east": {"uv": [5, 0, 6, 1], "texture": "#3"},
				"south": {"uv": [5, 0, 11, 1], "texture": "#3"},
				"west": {"uv": [10, 0, 11, 1], "texture": "#3"},
				"up": {"uv": [5, 0, 11, 1], "texture": "#3"},
				"down": {"uv": [5, 0, 11, 1], "rotation": 180, "texture": "#3"}
			}
		},
		{
			"from": [5, 15.5, -0.75],
			"to": [11, 16.5, 0],
			"rotation": {"angle": 0, "axis": "y", "origin": [8.025, 16, -0.4]},
			"faces": {
				"north": {"uv": [5, 0, 11, 1], "texture": "#3"},
				"east": {"uv": [5, 0, 6, 1], "texture": "#3"},
				"south": {"uv": [5, 0, 11, 1], "texture": "#3"},
				"west": {"uv": [10, 0, 11, 1], "texture": "#3"},
				"up": {"uv": [5, 0, 11, 1], "texture": "#3"},
				"down": {"uv": [5, 0, 11, 1], "rotation": 180, "texture": "#3"}
			}
		},
		{
			"from": [12, 16, 12],
			"to": [13, 16.6, 13],
			"rotation": {"angle": 0, "axis": "y", "origin": [20, 24, 20]},
			"faces": {
				"north": {"uv": [0, 0, 1, 1], "texture": "#1"},
				"east": {"uv": [0, 0, 1, 1], "texture": "#1"},
				"south": {"uv": [0, 0, 1, 1], "texture": "#1"},
				"west": {"uv": [0, 0, 1, 1], "texture": "#1"},
				"up": {"uv": [12, 12, 13, 13], "texture": "#1"},
				"down": {"uv": [0, 0, 1, 1], "texture": "#1"}
			}
		},
		{
			"from": [12, 16, 4],
			"to": [13, 16.7, 12],
			"rotation": {"angle": 0, "axis": "y", "origin": [20, 24, 12]},
			"faces": {
				"north": {"uv": [0, 0, 1, 8], "texture": "#1"},
				"east": {"uv": [12, 4, 13, 12], "texture": "#1"},
				"south": {"uv": [0, 0, 1, 8], "texture": "#1"},
				"west": {"uv": [0, 0, 1, 8], "texture": "#1"},
				"up": {"uv": [12, 4, 13, 12], "texture": "#1"},
				"down": {"uv": [0, 0, 1, 8], "texture": "#1"}
			}
		},
		{
			"from": [4, 16, 12],
			"to": [12, 16.7, 13],
			"rotation": {"angle": 0, "axis": "y", "origin": [12, 24, 20]},
			"faces": {
				"north": {"uv": [0, 0, 8, 1], "texture": "#1"},
				"east": {"uv": [0, 0, 8, 1], "texture": "#1"},
				"south": {"uv": [4, 12, 12, 13], "texture": "#1"},
				"west": {"uv": [0, 0, 8, 1], "texture": "#1"},
				"up": {"uv": [4, 12, 12, 13], "texture": "#1"},
				"down": {"uv": [0, 0, 8, 1], "texture": "#1"}
			}
		},
		{
			"from": [3, 16, 12],
			"to": [4, 16.6, 13],
			"rotation": {"angle": 0, "axis": "y", "origin": [11, 24, 20]},
			"faces": {
				"north": {"uv": [0, 0, 1, 1], "texture": "#1"},
				"east": {"uv": [0, 0, 1, 1], "texture": "#1"},
				"south": {"uv": [0, 0, 1, 1], "texture": "#1"},
				"west": {"uv": [0, 0, 1, 1], "texture": "#1"},
				"up": {"uv": [3, 12, 4, 13], "texture": "#1"},
				"down": {"uv": [0, 0, 1, 1], "texture": "#1"}
			}
		},
		{
			"from": [3, 16, 4],
			"to": [4, 16.7, 12],
			"rotation": {"angle": 0, "axis": "y", "origin": [11, 24, 12]},
			"faces": {
				"north": {"uv": [0, 0, 1, 8], "texture": "#1"},
				"east": {"uv": [3, 4, 3.7, 12], "rotation": 90, "texture": "#1"},
				"south": {"uv": [0, 0, 1, 8], "texture": "#1"},
				"west": {"uv": [3, 4, 4, 12], "texture": "#1"},
				"up": {"uv": [3, 4, 4, 12], "texture": "#1"},
				"down": {"uv": [3, 4, 4, 12], "texture": "#1"}
			}
		},
		{
			"from": [3, 16, 3],
			"to": [4, 16.6, 4],
			"rotation": {"angle": 0, "axis": "y", "origin": [11, 24, 11]},
			"faces": {
				"north": {"uv": [0, 0, 1, 1], "texture": "#1"},
				"east": {"uv": [0, 0, 1, 1], "texture": "#1"},
				"south": {"uv": [0, 0, 1, 1], "texture": "#1"},
				"west": {"uv": [0, 0, 1, 1], "texture": "#1"},
				"up": {"uv": [3, 3, 4, 4], "texture": "#1"},
				"down": {"uv": [0, 0, 1, 1], "texture": "#1"}
			}
		},
		{
			"from": [12, 16, 3],
			"to": [13, 16.6, 4],
			"rotation": {"angle": 0, "axis": "y", "origin": [20, 24, 11]},
			"faces": {
				"north": {"uv": [0, 0, 1, 1], "texture": "#1"},
				"east": {"uv": [0, 0, 1, 1], "texture": "#1"},
				"south": {"uv": [0, 0, 1, 1], "texture": "#1"},
				"west": {"uv": [0, 0, 1, 1], "texture": "#1"},
				"up": {"uv": [12, 3, 13, 4], "texture": "#1"},
				"down": {"uv": [0, 0, 1, 1], "texture": "#1"}
			}
		},
		{
			"from": [4, 16, 3],
			"to": [12, 16.7, 4],
			"rotation": {"angle": 0, "axis": "y", "origin": [12, 24, 11]},
			"faces": {
				"north": {"uv": [4, 3, 12, 4], "texture": "#1"},
				"east": {"uv": [0, 0, 8, 1], "texture": "#1"},
				"south": {"uv": [0, 0, 8, 1], "texture": "#1"},
				"west": {"uv": [0, 0, 8, 1], "texture": "#1"},
				"up": {"uv": [4, 3, 12, 4], "texture": "#1"},
				"down": {"uv": [0, 0, 8, 1], "texture": "#1"}
			}
		},
		{
			"from": [9, 16, 4],
			"to": [10, 16.6, 12],
			"rotation": {"angle": 0, "axis": "y", "origin": [17, 24, 12]},
			"faces": {
				"north": {"uv": [0, 0, 1, 8], "texture": "#1"},
				"east": {"uv": [0, 0, 1, 8], "texture": "#1"},
				"south": {"uv": [0, 0, 1, 8], "texture": "#1"},
				"west": {"uv": [0, 0, 1, 8], "texture": "#1"},
				"up": {"uv": [9, 4, 10, 12], "texture": "#1"},
				"down": {"uv": [0, 0, 1, 8], "texture": "#1"}
			}
		},
		{
			"from": [6, 16, 4],
			"to": [7, 16.6, 12],
			"rotation": {"angle": 0, "axis": "y", "origin": [14, 24, 12]},
			"faces": {
				"north": {"uv": [0, 0, 1, 8], "texture": "#1"},
				"east": {"uv": [0, 0, 1, 8], "texture": "#1"},
				"south": {"uv": [0, 0, 1, 8], "texture": "#1"},
				"west": {"uv": [0, 0, 1, 8], "texture": "#1"},
				"up": {"uv": [6, 4, 7, 12], "texture": "#1"},
				"down": {"uv": [0, 0, 1, 8], "texture": "#1"}
			}
		},
		{
			"from": [4, 16, 4],
			"to": [6, 16.5, 6],
			"rotation": {"angle": 0, "axis": "y", "origin": [12, 24, 12]},
			"faces": {
				"north": {"uv": [0, 0, 2, 2], "texture": "#1"},
				"east": {"uv": [0, 0, 2, 2], "texture": "#1"},
				"south": {"uv": [0, 0, 2, 2], "texture": "#1"},
				"west": {"uv": [0, 0, 2, 2], "texture": "#1"},
				"up": {"uv": [4, 4, 6, 6], "texture": "#1"},
				"down": {"uv": [0, 0, 2, 2], "texture": "#1"}
			}
		},
		{
			"from": [7, 16, 4],
			"to": [9, 16.5, 6],
			"rotation": {"angle": 0, "axis": "y", "origin": [15, 24, 12]},
			"faces": {
				"north": {"uv": [0, 0, 2, 2], "texture": "#1"},
				"east": {"uv": [0, 0, 2, 2], "texture": "#1"},
				"south": {"uv": [0, 0, 2, 2], "texture": "#1"},
				"west": {"uv": [0, 0, 2, 2], "texture": "#1"},
				"up": {"uv": [7, 4, 9, 6], "texture": "#1"},
				"down": {"uv": [0, 0, 2, 2], "texture": "#1"}
			}
		},
		{
			"from": [10, 16, 4],
			"to": [12, 16.5, 6],
			"rotation": {"angle": 0, "axis": "y", "origin": [18, 24, 12]},
			"faces": {
				"north": {"uv": [0, 0, 2, 2], "texture": "#1"},
				"east": {"uv": [0, 0, 2, 2], "texture": "#1"},
				"south": {"uv": [0, 0, 2, 2], "texture": "#1"},
				"west": {"uv": [0, 0, 2, 2], "texture": "#1"},
				"up": {"uv": [10, 4, 12, 6], "texture": "#1"},
				"down": {"uv": [0, 0, 2, 2], "texture": "#1"}
			}
		},
		{
			"from": [4, 16, 6],
			"to": [12, 16.6, 7],
			"rotation": {"angle": 0, "axis": "y", "origin": [12, 24, 14]},
			"faces": {
				"north": {"uv": [0, 0, 8, 1], "texture": "#1"},
				"east": {"uv": [0, 0, 8, 1], "texture": "#1"},
				"south": {"uv": [0, 0, 8, 1], "texture": "#1"},
				"west": {"uv": [0, 0, 8, 1], "texture": "#1"},
				"up": {"uv": [4, 6, 12, 7], "texture": "#1"},
				"down": {"uv": [0, 0, 8, 1], "texture": "#1"}
			}
		},
		{
			"from": [10, 16, 7],
			"to": [12, 16.5, 9],
			"rotation": {"angle": 0, "axis": "y", "origin": [18, 24, 15]},
			"faces": {
				"north": {"uv": [0, 0, 2, 2], "texture": "#1"},
				"east": {"uv": [0, 0, 2, 2], "texture": "#1"},
				"south": {"uv": [0, 0, 2, 2], "texture": "#1"},
				"west": {"uv": [0, 0, 2, 2], "texture": "#1"},
				"up": {"uv": [10, 7, 12, 9], "texture": "#1"},
				"down": {"uv": [0, 0, 2, 2], "texture": "#1"}
			}
		},
		{
			"from": [7, 16, 7],
			"to": [9, 16.5, 9],
			"rotation": {"angle": 0, "axis": "y", "origin": [15, 24, 15]},
			"faces": {
				"north": {"uv": [0, 0, 2, 2], "texture": "#1"},
				"east": {"uv": [0, 0, 2, 2], "texture": "#1"},
				"south": {"uv": [0, 0, 2, 2], "texture": "#1"},
				"west": {"uv": [0, 0, 2, 2], "texture": "#1"},
				"up": {"uv": [7, 7, 9, 9], "texture": "#1"},
				"down": {"uv": [0, 0, 2, 2], "texture": "#1"}
			}
		},
		{
			"from": [4, 16, 7],
			"to": [6, 16.5, 9],
			"rotation": {"angle": 0, "axis": "y", "origin": [12, 24, 15]},
			"faces": {
				"north": {"uv": [0, 0, 2, 2], "texture": "#1"},
				"east": {"uv": [0, 0, 2, 2], "texture": "#1"},
				"south": {"uv": [0, 0, 2, 2], "texture": "#1"},
				"west": {"uv": [0, 0, 2, 2], "texture": "#1"},
				"up": {"uv": [4, 7, 6, 9], "texture": "#1"},
				"down": {"uv": [0, 0, 2, 2], "texture": "#1"}
			}
		},
		{
			"from": [4, 16, 9],
			"to": [12, 16.6, 10],
			"rotation": {"angle": 0, "axis": "y", "origin": [12, 24, 17]},
			"faces": {
				"north": {"uv": [0, 0, 8, 1], "texture": "#1"},
				"east": {"uv": [0, 0, 8, 1], "texture": "#1"},
				"south": {"uv": [0, 0, 8, 1], "texture": "#1"},
				"west": {"uv": [0, 0, 8, 1], "texture": "#1"},
				"up": {"uv": [4, 9, 12, 10], "texture": "#1"},
				"down": {"uv": [0, 0, 8, 1], "texture": "#1"}
			}
		},
		{
			"from": [4, 16, 10],
			"to": [6, 16.5, 12],
			"rotation": {"angle": 0, "axis": "y", "origin": [12, 24, 18]},
			"faces": {
				"north": {"uv": [0, 0, 2, 2], "texture": "#1"},
				"east": {"uv": [0, 0, 2, 2], "texture": "#1"},
				"south": {"uv": [0, 0, 2, 2], "texture": "#1"},
				"west": {"uv": [0, 0, 2, 2], "texture": "#1"},
				"up": {"uv": [4, 10, 6, 12], "texture": "#1"},
				"down": {"uv": [0, 0, 2, 2], "texture": "#1"}
			}
		},
		{
			"from": [10, 16, 10],
			"to": [12, 16.5, 12],
			"rotation": {"angle": 0, "axis": "y", "origin": [18, 24, 18]},
			"faces": {
				"north": {"uv": [0, 0, 2, 2], "texture": "#1"},
				"east": {"uv": [0, 0, 2, 2], "texture": "#1"},
				"south": {"uv": [0, 0, 2, 2], "texture": "#1"},
				"west": {"uv": [0, 0, 2, 2], "texture": "#1"},
				"up": {"uv": [10, 10, 12, 12], "texture": "#1"},
				"down": {"uv": [0, 0, 2, 2], "texture": "#1"}
			}
		},
		{
			"from": [7, 16, 10],
			"to": [9, 16.5, 12],
			"rotation": {"angle": 0, "axis": "y", "origin": [15, 24, 18]},
			"faces": {
				"north": {"uv": [0, 0, 2, 2], "texture": "#1"},
				"east": {"uv": [0, 0, 2, 2], "texture": "#1"},
				"south": {"uv": [0, 0, 2, 2], "texture": "#1"},
				"west": {"uv": [0, 0, 2, 2], "texture": "#1"},
				"up": {"uv": [7, 10, 9, 12], "texture": "#1"},
				"down": {"uv": [0, 0, 2, 2], "texture": "#1"}
			}
		},
		{
			"from": [4, 16, 13],
			"to": [12, 16.5, 16],
			"rotation": {"angle": 0, "axis": "y", "origin": [10.5, 16.25, 11]},
			"faces": {
				"north": {"uv": [4, 15, 12, 15.5], "texture": "#1"},
				"east": {"uv": [0, 11, 3, 11.5], "texture": "#1"},
				"south": {"uv": [4, 0, 12, 0.5], "texture": "#1"},
				"west": {"uv": [13, 11, 16, 11.5], "texture": "#1"},
				"up": {"uv": [13, 4, 16, 12], "rotation": 90, "texture": "#1"},
				"down": {"uv": [0, 0, 3, 8], "rotation": 270, "texture": "#missing"}
			}
		},
		{
			"from": [0, 16, 4],
			"to": [3, 16.5, 12],
			"rotation": {"angle": 0, "axis": "y", "origin": [4, 16.25, 10.5]},
			"faces": {
				"north": {"uv": [13, 11, 16, 11.5], "texture": "#1"},
				"east": {"uv": [4, 15, 12, 15.5], "texture": "#1"},
				"south": {"uv": [0, 11, 3, 11.5], "texture": "#1"},
				"west": {"uv": [4, 0, 12, 0.5], "texture": "#1"},
				"up": {"uv": [13, 4, 16, 12], "rotation": 180, "texture": "#1"},
				"down": {"uv": [0, 0, 3, 8], "rotation": 180, "texture": "#missing"}
			}
		},
		{
			"from": [4, 16, 0],
			"to": [12, 16.5, 3],
			"rotation": {"angle": 0, "axis": "y", "origin": [5.5, 16.25, 5]},
			"faces": {
				"north": {"uv": [4, 0, 12, 0.5], "texture": "#1"},
				"east": {"uv": [13, 11, 16, 11.5], "texture": "#1"},
				"south": {"uv": [4, 15, 12, 15.5], "texture": "#1"},
				"west": {"uv": [0, 11, 3, 11.5], "texture": "#1"},
				"up": {"uv": [13, 4, 16, 12], "rotation": 270, "texture": "#1"},
				"down": {"uv": [0, 0, 3, 8], "rotation": 90, "texture": "#missing"}
			}
		},
		{
			"from": [13, 16, 4],
			"to": [16, 16.5, 12],
			"rotation": {"angle": 0, "axis": "y", "origin": [12, 16.25, 5.5]},
			"faces": {
				"north": {"uv": [0, 11, 3, 11.5], "texture": "#1"},
				"east": {"uv": [4, 0, 12, 0.5], "texture": "#1"},
				"south": {"uv": [13, 11, 16, 11.5], "texture": "#1"},
				"west": {"uv": [4, 15, 12, 15.5], "texture": "#1"},
				"up": {"uv": [13, 4, 16, 12], "texture": "#1"},
				"down": {"uv": [0, 0, 3, 8], "texture": "#missing"}
			}
		},
		{
			"from": [2, 16, 12],
			"to": [4, 16.5, 14],
			"rotation": {"angle": 0, "axis": "y", "origin": [10, 24, 20]},
			"faces": {
				"north": {"uv": [12, 12, 14, 12.5], "texture": "#1"},
				"east": {"uv": [2, 12, 4, 12.5], "texture": "#1"},
				"south": {"uv": [2, 13, 4, 13.5], "texture": "#1"},
				"west": {"uv": [12, 13, 14, 13.5], "texture": "#1"},
				"up": {"uv": [2, 12, 4, 14], "texture": "#1"},
				"down": {"uv": [0, 0, 2, 2], "texture": "#missing"}
			}
		},
		{
			"from": [12, 16, 12],
			"to": [14, 16.5, 14],
			"rotation": {"angle": 0, "axis": "y", "origin": [13, 16.25, 13]},
			"faces": {
				"north": {"uv": [2, 12, 4, 12.5], "texture": "#1"},
				"east": {"uv": [2, 13, 4, 13.5], "texture": "#1"},
				"south": {"uv": [12, 13, 14, 13.5], "texture": "#1"},
				"west": {"uv": [12, 12, 14, 12.5], "texture": "#1"},
				"up": {"uv": [2, 12, 4, 14], "rotation": 270, "texture": "#1"},
				"down": {"uv": [0, 0, 2, 2], "rotation": 90, "texture": "#missing"}
			}
		},
		{
			"from": [12, 16, 2],
			"to": [14, 16.5, 4],
			"rotation": {"angle": 0, "axis": "y", "origin": [13, 16.25, 3]},
			"faces": {
				"north": {"uv": [2, 13, 4, 13.5], "texture": "#1"},
				"east": {"uv": [12, 13, 14, 13.5], "texture": "#1"},
				"south": {"uv": [12, 12, 14, 12.5], "texture": "#1"},
				"west": {"uv": [2, 12, 4, 12.5], "texture": "#1"},
				"up": {"uv": [2, 12, 4, 14], "rotation": 180, "texture": "#1"},
				"down": {"uv": [0, 0, 2, 2], "rotation": 180, "texture": "#missing"}
			}
		},
		{
			"from": [2, 16, 2],
			"to": [4, 16.5, 4],
			"rotation": {"angle": 0, "axis": "y", "origin": [3, 16.25, 3]},
			"faces": {
				"north": {"uv": [12, 13, 14, 13.5], "texture": "#1"},
				"east": {"uv": [12, 12, 14, 12.5], "texture": "#1"},
				"south": {"uv": [2, 12, 4, 12.5], "texture": "#1"},
				"west": {"uv": [2, 13, 4, 13.5], "texture": "#1"},
				"up": {"uv": [2, 12, 4, 14], "rotation": 90, "texture": "#1"},
				"down": {"uv": [0, 0, 2, 2], "rotation": 270, "texture": "#missing"}
			}
		},
		{
			"from": [3, 16, 14],
			"to": [4, 16.5, 15],
			"rotation": {"angle": 0, "axis": "y", "origin": [11, 24, 22]},
			"faces": {
				"north": {"uv": [0, 0, 1, 0.5], "texture": "#missing"},
				"east": {"uv": [0, 0, 1, 0.5], "texture": "#missing"},
				"south": {"uv": [3, 14, 4, 14.5], "texture": "#1"},
				"west": {"uv": [3, 14, 4, 14.5], "texture": "#1"},
				"up": {"uv": [3, 14, 4, 15], "texture": "#1"},
				"down": {"uv": [0, 0, 1, 1], "texture": "#missing"}
			}
		},
		{
			"from": [12, 16, 14],
			"to": [13, 16.5, 15],
			"rotation": {"angle": 0, "axis": "y", "origin": [11, 24, 22]},
			"faces": {
				"north": {"uv": [3, 14, 4, 14.5], "texture": "#1"},
				"east": {"uv": [3, 14, 4, 14.5], "texture": "#1"},
				"south": {"uv": [3, 14, 4, 14.5], "texture": "#1"},
				"west": {"uv": [3, 14, 4, 14.5], "texture": "#1"},
				"up": {"uv": [3, 14, 4, 15], "texture": "#1"},
				"down": {"uv": [0, 0, 1, 1], "texture": "#missing"}
			}
		},
		{
			"from": [12, 16, 1],
			"to": [13, 16.5, 2],
			"rotation": {"angle": 0, "axis": "y", "origin": [11, 24, 22]},
			"faces": {
				"north": {"uv": [3, 14, 4, 14.5], "texture": "#1"},
				"east": {"uv": [3, 14, 4, 14.5], "texture": "#1"},
				"south": {"uv": [3, 14, 4, 14.5], "texture": "#1"},
				"west": {"uv": [3, 14, 4, 14.5], "texture": "#1"},
				"up": {"uv": [3, 14, 4, 15], "texture": "#1"},
				"down": {"uv": [0, 0, 1, 1], "texture": "#missing"}
			}
		},
		{
			"from": [3, 16, 1],
			"to": [4, 16.5, 2],
			"rotation": {"angle": 0, "axis": "y", "origin": [11, 24, 22]},
			"faces": {
				"north": {"uv": [3, 14, 4, 14.5], "texture": "#1"},
				"east": {"uv": [3, 14, 4, 14.5], "texture": "#1"},
				"south": {"uv": [3, 14, 4, 14.5], "texture": "#1"},
				"west": {"uv": [3, 14, 4, 14.5], "texture": "#1"},
				"up": {"uv": [3, 14, 4, 15], "texture": "#1"},
				"down": {"uv": [0, 0, 1, 1], "texture": "#missing"}
			}
		},
		{
			"from": [1, 16, 3],
			"to": [2, 16.5, 4],
			"rotation": {"angle": 0, "axis": "y", "origin": [11, 24, 22]},
			"faces": {
				"north": {"uv": [3, 14, 4, 14.5], "texture": "#1"},
				"east": {"uv": [3, 14, 4, 14.5], "texture": "#1"},
				"south": {"uv": [3, 14, 4, 14.5], "texture": "#1"},
				"west": {"uv": [3, 14, 4, 14.5], "texture": "#1"},
				"up": {"uv": [3, 14, 4, 15], "texture": "#1"},
				"down": {"uv": [0, 0, 1, 1], "texture": "#missing"}
			}
		},
		{
			"from": [14, 16, 3],
			"to": [15, 16.5, 4],
			"rotation": {"angle": 0, "axis": "y", "origin": [11, 24, 22]},
			"faces": {
				"north": {"uv": [3, 14, 4, 14.5], "texture": "#1"},
				"east": {"uv": [3, 14, 4, 14.5], "texture": "#1"},
				"south": {"uv": [3, 14, 4, 14.5], "texture": "#1"},
				"west": {"uv": [3, 14, 4, 14.5], "texture": "#1"},
				"up": {"uv": [3, 14, 4, 15], "texture": "#1"},
				"down": {"uv": [0, 0, 1, 1], "texture": "#missing"}
			}
		},
		{
			"from": [14, 16, 12],
			"to": [15, 16.5, 13],
			"rotation": {"angle": 0, "axis": "y", "origin": [11, 24, 22]},
			"faces": {
				"north": {"uv": [3, 14, 4, 14.5], "texture": "#1"},
				"east": {"uv": [3, 14, 4, 14.5], "texture": "#1"},
				"south": {"uv": [3, 14, 4, 14.5], "texture": "#1"},
				"west": {"uv": [3, 14, 4, 14.5], "texture": "#1"},
				"up": {"uv": [3, 14, 4, 15], "texture": "#1"},
				"down": {"uv": [0, 0, 1, 1], "texture": "#missing"}
			}
		},
		{
			"from": [1, 16, 12],
			"to": [2, 16.5, 13],
			"rotation": {"angle": 0, "axis": "y", "origin": [9, 24, 20]},
			"faces": {
				"north": {"uv": [0, 0, 1, 0.5], "texture": "#missing"},
				"east": {"uv": [0, 0, 1, 0.5], "texture": "#missing"},
				"south": {"uv": [1, 12, 2, 13], "texture": "#1"},
				"west": {"uv": [12, 14, 13, 14.5], "texture": "#1"},
				"up": {"uv": [1, 12, 2, 13], "texture": "#1"},
				"down": {"uv": [0, 0, 1, 1], "texture": "#missing"}
			}
		},
		{
			"from": [3, 9, 16],
			"to": [4, 11, 16.8],
			"rotation": {"angle": 0, "axis": "y", "origin": [4.5, 8.5, 16.37]},
			"faces": {
				"north": {"uv": [3, 5, 4, 7], "texture": "#0"},
				"east": {"uv": [3, 5, 4, 7], "texture": "#0"},
				"south": {"uv": [3, 5, 4, 7], "texture": "#0"},
				"west": {"uv": [3, 5, 4, 7], "texture": "#0"},
				"up": {"uv": [3, 5, 4, 6], "texture": "#0"},
				"down": {"uv": [3, 6, 4, 7], "texture": "#0"}
			}
		},
		{
			"from": [5, 9, 16],
			"to": [6, 11, 16.8],
			"rotation": {"angle": 0, "axis": "y", "origin": [4.5, 8.5, 16.37]},
			"faces": {
				"north": {"uv": [3, 5, 4, 7], "texture": "#0"},
				"east": {"uv": [3, 5, 4, 7], "texture": "#0"},
				"south": {"uv": [3, 5, 4, 7], "texture": "#0"},
				"west": {"uv": [3, 5, 4, 7], "texture": "#0"},
				"up": {"uv": [3, 5, 4, 6], "texture": "#0"},
				"down": {"uv": [3, 6, 4, 7], "texture": "#0"}
			}
		},
		{
			"from": [4, 8, 16],
			"to": [5, 9, 16.7],
			"rotation": {"angle": 0, "axis": "y", "origin": [4.5, 8.5, 16.37]},
			"faces": {
				"north": {"uv": [4, 7, 5, 8], "texture": "#0"},
				"east": {"uv": [4, 7, 5, 8], "texture": "#0"},
				"south": {"uv": [4, 7, 5, 8], "texture": "#0"},
				"west": {"uv": [4, 7, 5, 8], "texture": "#0"},
				"up": {"uv": [4, 7, 5, 8], "texture": "#0"},
				"down": {"uv": [4, 7, 5, 8], "texture": "#0"}
			}
		},
		{
			"from": [3, 6, 16],
			"to": [4, 8, 16.7],
			"rotation": {"angle": 0, "axis": "y", "origin": [4.5, 8.5, 16.37]},
			"faces": {
				"north": {"uv": [3, 8, 4, 10], "texture": "#0"},
				"east": {"uv": [3, 8, 4, 10], "texture": "#0"},
				"south": {"uv": [3, 8, 4, 10], "texture": "#0"},
				"west": {"uv": [3, 8, 4, 10], "texture": "#0"},
				"up": {"uv": [3, 8, 4, 9], "texture": "#0"},
				"down": {"uv": [3, 9, 4, 10], "texture": "#0"}
			}
		},
		{
			"from": [5, 6, 16],
			"to": [6, 8, 16.7],
			"rotation": {"angle": 0, "axis": "y", "origin": [4.5, 8.5, 16.37]},
			"faces": {
				"north": {"uv": [3, 8, 4, 10], "texture": "#0"},
				"east": {"uv": [3, 8, 4, 10], "texture": "#0"},
				"south": {"uv": [3, 8, 4, 10], "texture": "#0"},
				"west": {"uv": [3, 8, 4, 10], "texture": "#0"},
				"up": {"uv": [3, 8, 4, 9], "texture": "#0"},
				"down": {"uv": [3, 9, 4, 10], "texture": "#0"}
			}
		},
		{
			"from": [16, 9, 12],
			"to": [16.8, 11, 13],
			"rotation": {"angle": 0, "axis": "y", "origin": [16.5, 8.5, 11.37]},
			"faces": {
				"north": {"uv": [3, 5, 4, 7], "texture": "#0"},
				"east": {"uv": [3, 5, 4, 7], "texture": "#0"},
				"south": {"uv": [3, 5, 4, 7], "texture": "#0"},
				"west": {"uv": [3, 5, 4, 7], "texture": "#0"},
				"up": {"uv": [3, 5, 4, 6], "rotation": 270, "texture": "#0"},
				"down": {"uv": [3, 6, 4, 7], "rotation": 90, "texture": "#0"}
			}
		},
		{
			"from": [16, 9, 10],
			"to": [16.8, 11, 11],
			"rotation": {"angle": 0, "axis": "y", "origin": [16.5, 8.5, 11.37]},
			"faces": {
				"north": {"uv": [3, 5, 4, 7], "texture": "#0"},
				"east": {"uv": [3, 5, 4, 7], "texture": "#0"},
				"south": {"uv": [3, 5, 4, 7], "texture": "#0"},
				"west": {"uv": [3, 5, 4, 7], "texture": "#0"},
				"up": {"uv": [3, 5, 4, 6], "rotation": 270, "texture": "#0"},
				"down": {"uv": [3, 6, 4, 7], "rotation": 90, "texture": "#0"}
			}
		},
		{
			"from": [16, 8, 11],
			"to": [16.7, 9, 12],
			"rotation": {"angle": 0, "axis": "y", "origin": [16.5, 8.5, 11.37]},
			"faces": {
				"north": {"uv": [4, 7, 5, 8], "texture": "#0"},
				"east": {"uv": [4, 7, 5, 8], "texture": "#0"},
				"south": {"uv": [4, 7, 5, 8], "texture": "#0"},
				"west": {"uv": [4, 7, 5, 8], "texture": "#0"},
				"up": {"uv": [4, 7, 5, 8], "rotation": 270, "texture": "#0"},
				"down": {"uv": [4, 7, 5, 8], "rotation": 90, "texture": "#0"}
			}
		},
		{
			"from": [16, 6, 12],
			"to": [16.7, 8, 13],
			"rotation": {"angle": 0, "axis": "y", "origin": [16.5, 8.5, 11.37]},
			"faces": {
				"north": {"uv": [3, 8, 4, 10], "texture": "#0"},
				"east": {"uv": [3, 8, 4, 10], "texture": "#0"},
				"south": {"uv": [3, 8, 4, 10], "texture": "#0"},
				"west": {"uv": [3, 8, 4, 10], "texture": "#0"},
				"up": {"uv": [3, 8, 4, 9], "rotation": 270, "texture": "#0"},
				"down": {"uv": [3, 9, 4, 10], "rotation": 90, "texture": "#0"}
			}
		},
		{
			"from": [16, 6, 10],
			"to": [16.7, 8, 11],
			"rotation": {"angle": 0, "axis": "y", "origin": [16.5, 8.5, 11.37]},
			"faces": {
				"north": {"uv": [3, 8, 4, 10], "texture": "#0"},
				"east": {"uv": [3, 8, 4, 10], "texture": "#0"},
				"south": {"uv": [3, 8, 4, 10], "texture": "#0"},
				"west": {"uv": [3, 8, 4, 10], "texture": "#0"},
				"up": {"uv": [3, 8, 4, 9], "rotation": 270, "texture": "#0"},
				"down": {"uv": [3, 9, 4, 10], "rotation": 90, "texture": "#0"}
			}
		},
		{
			"from": [2, 10, -0.5],
			"to": [5, 11, 0],
			"rotation": {"angle": 0, "axis": "y", "origin": [3.28571, 9.21429, -0.20714]},
			"faces": {
				"north": {"uv": [11, 5, 14, 6], "texture": "#2"},
				"east": {"uv": [13, 5, 14, 6], "texture": "#2"},
				"south": {"uv": [11, 5, 14, 6], "texture": "#2"},
				"west": {"uv": [11, 5, 12, 6], "texture": "#2"},
				"up": {"uv": [11, 3, 14, 4], "texture": "#2"},
				"down": {"uv": [11, 5, 14, 6], "texture": "#2"}
			}
		},
		{
			"from": [2, 12, -0.5],
			"to": [5, 13, 0],
			"rotation": {"angle": 0, "axis": "y", "origin": [3.28571, 9.21429, -0.20714]},
			"faces": {
				"north": {"uv": [11, 3, 14, 4], "texture": "#2"},
				"east": {"uv": [13, 3, 14, 4], "texture": "#2"},
				"south": {"uv": [11, 3, 14, 4], "texture": "#2"},
				"west": {"uv": [11, 3, 12, 4], "texture": "#2"},
				"up": {"uv": [11, 3, 14, 4], "texture": "#2"},
				"down": {"uv": [11, 3, 14, 4], "texture": "#2"}
			}
		},
		{
			"from": [2, 11, -0.5],
			"to": [3, 12, 0],
			"rotation": {"angle": 0, "axis": "y", "origin": [3.28571, 9.21429, -0.20714]},
			"faces": {
				"north": {"uv": [13, 4, 14, 5], "texture": "#2"},
				"east": {"uv": [13, 4, 14, 5], "texture": "#2"},
				"south": {"uv": [13, 4, 14, 5], "texture": "#2"},
				"west": {"uv": [13, 4, 14, 5], "texture": "#2"},
				"up": {"uv": [13, 4, 14, 5], "texture": "#2"},
				"down": {"uv": [13, 4, 14, 5], "texture": "#2"}
			}
		},
		{
			"from": [4, 11, -0.5],
			"to": [5, 12, 0],
			"rotation": {"angle": 0, "axis": "y", "origin": [3.28571, 9.21429, -0.20714]},
			"faces": {
				"north": {"uv": [11, 4, 12, 5], "texture": "#2"},
				"east": {"uv": [11, 4, 12, 5], "texture": "#2"},
				"south": {"uv": [11, 4, 12, 5], "texture": "#2"},
				"west": {"uv": [11, 4, 12, 5], "texture": "#2"},
				"up": {"uv": [11, 4, 12, 5], "texture": "#2"},
				"down": {"uv": [11, 4, 12, 5], "texture": "#2"}
			}
		},
		{
			"from": [2, 7, -0.3],
			"to": [5, 10, 0],
			"rotation": {"angle": 0, "axis": "y", "origin": [3.28571, 9.21429, -0.20714]},
			"faces": {
				"north": {"uv": [11, 6, 14, 9], "texture": "#2"},
				"east": {"uv": [11, 6, 12, 9], "texture": "#2"},
				"south": {"uv": [11, 6, 14, 9], "rotation": 180, "texture": "#2"},
				"west": {"uv": [13, 6, 14, 9], "texture": "#2"},
				"up": {"uv": [11, 6, 14, 7], "texture": "#2"},
				"down": {"uv": [11, 8, 14, 9], "rotation": 180, "texture": "#2"}
			}
		},
		{
			"from": [2, 5, -0.3],
			"to": [4, 7, 0],
			"rotation": {"angle": 0, "axis": "y", "origin": [3.28571, 9.21429, -0.20714]},
			"faces": {
				"north": {"uv": [12, 9, 14, 11], "texture": "#2"},
				"east": {"uv": [12, 9, 13, 11], "texture": "#2"},
				"south": {"uv": [11, 6, 14, 9], "rotation": 180, "texture": "#2"},
				"west": {"uv": [13, 9, 14, 11], "texture": "#2"},
				"up": {"uv": [12, 9, 14, 10], "rotation": 180, "texture": "#2"},
				"down": {"uv": [12, 10, 14, 11], "rotation": 180, "texture": "#2"}
			}
		},
		{
			"from": [2, 3, -0.3],
			"to": [3, 5, 0],
			"rotation": {"angle": 0, "axis": "y", "origin": [3.28571, 9.21429, -0.20714]},
			"faces": {
				"north": {"uv": [13, 11, 14, 13], "texture": "#2"},
				"east": {"uv": [13, 11, 14, 13], "texture": "#2"},
				"south": {"uv": [13, 11, 14, 13], "texture": "#2"},
				"west": {"uv": [13, 11, 14, 13], "texture": "#2"},
				"up": {"uv": [13, 11, 14, 12], "texture": "#2"},
				"down": {"uv": [13, 12, 14, 13], "texture": "#2"}
			}
		},
		{
			"from": [-0.5, 10, 11],
			"to": [0, 11, 14],
			"rotation": {"angle": 0, "axis": "y", "origin": [-0.46429, 9.21429, 12.79286]},
			"faces": {
				"north": {"uv": [13, 5, 14, 6], "texture": "#2"},
				"east": {"uv": [11, 5, 14, 6], "texture": "#2"},
				"south": {"uv": [11, 5, 12, 6], "texture": "#2"},
				"west": {"uv": [11, 5, 14, 6], "texture": "#2"},
				"up": {"uv": [11, 3, 14, 4], "rotation": 270, "texture": "#2"},
				"down": {"uv": [11, 5, 14, 6], "rotation": 90, "texture": "#2"}
			}
		},
		{
			"from": [-0.5, 12, 11],
			"to": [0, 13, 14],
			"rotation": {"angle": 0, "axis": "y", "origin": [-0.26429, 9.21429, 12.79286]},
			"faces": {
				"north": {"uv": [13, 3, 14, 4], "texture": "#2"},
				"east": {"uv": [11, 3, 14, 4], "texture": "#2"},
				"south": {"uv": [11, 3, 12, 4], "texture": "#2"},
				"west": {"uv": [11, 3, 14, 4], "texture": "#2"},
				"up": {"uv": [11, 3, 14, 4], "rotation": 270, "texture": "#2"},
				"down": {"uv": [11, 3, 14, 4], "rotation": 90, "texture": "#2"}
			}
		},
		{
			"from": [-0.5, 11, 13],
			"to": [0, 12, 14],
			"rotation": {"angle": 0, "axis": "y", "origin": [-0.16429, 9.21429, 12.79286]},
			"faces": {
				"north": {"uv": [13, 4, 14, 5], "texture": "#2"},
				"east": {"uv": [13, 4, 14, 5], "texture": "#2"},
				"south": {"uv": [13, 4, 14, 5], "texture": "#2"},
				"west": {"uv": [13, 4, 14, 5], "texture": "#2"},
				"up": {"uv": [13, 4, 14, 5], "rotation": 270, "texture": "#2"},
				"down": {"uv": [13, 4, 14, 5], "rotation": 90, "texture": "#2"}
			}
		},
		{
			"from": [-0.5, 11, 11],
			"to": [0, 12, 12],
			"rotation": {"angle": 0, "axis": "y", "origin": [-0.26429, 9.21429, 12.79286]},
			"faces": {
				"north": {"uv": [11, 4, 12, 5], "texture": "#2"},
				"east": {"uv": [11, 4, 12, 5], "texture": "#2"},
				"south": {"uv": [11, 4, 12, 5], "texture": "#2"},
				"west": {"uv": [11, 4, 12, 5], "texture": "#2"},
				"up": {"uv": [11, 4, 12, 5], "rotation": 270, "texture": "#2"},
				"down": {"uv": [11, 4, 12, 5], "rotation": 90, "texture": "#2"}
			}
		},
		{
			"from": [-0.3, 7, 11],
			"to": [0, 10, 14],
			"rotation": {"angle": 0, "axis": "y", "origin": [-0.26429, 9.21429, 12.79286]},
			"faces": {
				"north": {"uv": [11, 6, 12, 9], "texture": "#2"},
				"east": {"uv": [11, 6, 14, 9], "rotation": 180, "texture": "#2"},
				"south": {"uv": [13, 6, 14, 9], "texture": "#2"},
				"west": {"uv": [11, 6, 14, 9], "texture": "#2"},
				"up": {"uv": [11, 6, 14, 7], "rotation": 270, "texture": "#2"},
				"down": {"uv": [11, 8, 14, 9], "rotation": 270, "texture": "#2"}
			}
		},
		{
			"from": [-0.3, 5, 12],
			"to": [0, 7, 14],
			"rotation": {"angle": 0, "axis": "y", "origin": [-0.26429, 9.21429, 12.79286]},
			"faces": {
				"north": {"uv": [12, 9, 13, 11], "texture": "#2"},
				"east": {"uv": [11, 6, 14, 9], "rotation": 180, "texture": "#2"},
				"south": {"uv": [13, 9, 14, 11], "texture": "#2"},
				"west": {"uv": [12, 9, 14, 11], "texture": "#2"},
				"up": {"uv": [12, 9, 14, 10], "rotation": 90, "texture": "#2"},
				"down": {"uv": [12, 10, 14, 11], "rotation": 270, "texture": "#2"}
			}
		},
		{
			"from": [-0.3, 3, 13],
			"to": [0, 5, 14],
			"rotation": {"angle": 0, "axis": "y", "origin": [-0.26429, 9.21429, 12.79286]},
			"faces": {
				"north": {"uv": [13, 11, 14, 13], "texture": "#2"},
				"east": {"uv": [13, 11, 14, 13], "texture": "#2"},
				"south": {"uv": [13, 11, 14, 13], "texture": "#2"},
				"west": {"uv": [13, 11, 14, 13], "texture": "#2"},
				"up": {"uv": [13, 11, 14, 12], "rotation": 270, "texture": "#2"},
				"down": {"uv": [13, 12, 14, 13], "rotation": 90, "texture": "#2"}
			}
		},
		{
			"from": [0.5, 7, 3],
			"to": [1.5, 11, 4],
			"rotation": {"angle": 0, "axis": "y", "origin": [0.9, 8.73333, 3.3]},
			"faces": {
				"north": {"uv": [3, 5, 4, 9], "texture": "#2"},
				"east": {"uv": [3, 5, 4, 9], "texture": "#2"},
				"south": {"uv": [3, 5, 4, 9], "texture": "#2"},
				"west": {"uv": [3, 5, 4, 9], "texture": "#2"},
				"up": {"uv": [3, 5, 4, 6], "rotation": 270, "texture": "#2"},
				"down": {"uv": [3, 8, 4, 9], "rotation": 90, "texture": "#2"}
			}
		},
		{
			"from": [0.5, 5, 2],
			"to": [2, 7, 5],
			"rotation": {"angle": 0, "axis": "y", "origin": [0.9, 8.73333, 3.3]},
			"faces": {
				"north": {"uv": [2, 9, 3.5, 11], "texture": "#2"},
				"east": {"uv": [2, 9, 5, 11], "texture": "#2"},
				"south": {"uv": [3, 9, 4.5, 11], "texture": "#2"},
				"west": {"uv": [2, 9, 5, 11], "texture": "#2"},
				"up": {"uv": [2, 9, 5, 10.5], "rotation": 270, "texture": "#2"},
				"down": {"uv": [2, 9, 5, 10.5], "rotation": 90, "texture": "#2"}
			}
		},
		{
			"from": [0.5, 10.7, 2.9],
			"to": [1.8, 11.7, 4.1],
			"rotation": {"angle": 0, "axis": "y", "origin": [0.9, 8.73333, 3.3]},
			"faces": {
				"north": {"uv": [7, 5, 8.2, 5.5], "texture": "#2"},
				"east": {"uv": [7, 5, 8.2, 5.5], "texture": "#2"},
				"south": {"uv": [7, 5, 8.2, 5.5], "texture": "#2"},
				"west": {"uv": [7, 5, 8.2, 5.5], "texture": "#2"},
				"up": {"uv": [7, 5, 8.2, 6.3], "rotation": 270, "texture": "#2"},
				"down": {"uv": [7, 5, 8.2, 6.3], "rotation": 90, "texture": "#2"}
			}
		},
		{
			"from": [12, 7, 0.75],
			"to": [13, 11, 1.75],
			"rotation": {"angle": 0, "axis": "y", "origin": [20, 15, 8.75]},
			"faces": {
				"north": {"uv": [3, 5, 4, 9], "texture": "#2"},
				"east": {"uv": [3, 5, 4, 9], "texture": "#2"},
				"south": {"uv": [3, 5, 4, 9], "texture": "#2"},
				"west": {"uv": [3, 5, 4, 9], "texture": "#2"},
				"up": {"uv": [3, 5, 4, 6], "texture": "#2"},
				"down": {"uv": [3, 8, 4, 9], "texture": "#2"}
			}
		},
		{
			"from": [11, 5, 0.5],
			"to": [14, 7, 2],
			"rotation": {"angle": 0, "axis": "y", "origin": [19, 13, 8.5]},
			"faces": {
				"north": {"uv": [2, 9, 5, 11], "texture": "#2"},
				"east": {"uv": [2, 9, 3.5, 11], "texture": "#2"},
				"south": {"uv": [2, 9, 5, 11], "texture": "#2"},
				"west": {"uv": [3, 9, 4.5, 11], "texture": "#2"},
				"up": {"uv": [2, 9, 5, 10.5], "texture": "#2"},
				"down": {"uv": [2, 9, 5, 10.5], "texture": "#2"}
			}
		},
		{
			"from": [11.9, 10.7, 0.75],
			"to": [13.1, 11.7, 2.05],
			"rotation": {"angle": 0, "axis": "y", "origin": [19.9, 18.7, 8.75]},
			"faces": {
				"north": {"uv": [7, 5, 8.2, 5.5], "texture": "#2"},
				"east": {"uv": [7, 5, 8.2, 5.5], "texture": "#2"},
				"south": {"uv": [7, 5, 8.2, 5.5], "texture": "#2"},
				"west": {"uv": [7, 5, 8.2, 5.5], "texture": "#2"},
				"up": {"uv": [7, 5, 8.2, 6.3], "texture": "#2"},
				"down": {"uv": [7, 5, 8.2, 6.3], "texture": "#2"}
			}
		},
		{
			"from": [0, 12, 0],
			"to": [16, 16, 2],
			"rotation": {"angle": 0, "axis": "y", "origin": [8, 20, 8]},
			"faces": {
				"north": {"uv": [0, 0, 16, 4], "texture": "#2"},
				"east": {"uv": [14, 0, 16, 4], "texture": "#0"},
				"south": {"uv": [0, 0, 16, 4], "texture": "#2"},
				"west": {"uv": [0, 0, 2, 4], "texture": "#2"},
				"up": {"uv": [0, 0, 16, 2], "texture": "#1"},
				"down": {"uv": [0, 1, 16, 3], "texture": "#2"}
			}
		},
		{
			"from": [3, 5, 0],
			"to": [11, 12, 2],
			"rotation": {"angle": 0, "axis": "y", "origin": [7, 8.5, 1]},
			"faces": {
				"north": {"uv": [5, 4, 13, 11], "texture": "#2"},
				"east": {"uv": [5, 4, 7, 11], "texture": "#2"},
				"south": {"uv": [0, 0, 8, 7], "texture": "#missing"},
				"west": {"uv": [5, 4, 7, 11], "rotation": 180, "texture": "#2"},
				"up": {"uv": [0, 0, 8, 2], "texture": "#missing"},
				"down": {"uv": [0, 0, 8, 2], "texture": "#missing"}
			}
		},
		{
			"from": [14, 5, 0],
			"to": [16, 12, 2],
			"rotation": {"angle": 0, "axis": "y", "origin": [22, 13, 8]},
			"faces": {
				"north": {"uv": [0, 4, 2, 11], "texture": "#2"},
				"east": {"uv": [14, 4, 16, 11], "texture": "#0"},
				"south": {"uv": [0, 0, 2, 7], "texture": "#missing"},
				"west": {"uv": [5, 4, 7, 11], "texture": "#2"},
				"up": {"uv": [0, 0, 2, 2], "texture": "#missing"},
				"down": {"uv": [0, 0, 2, 2], "texture": "#missing"}
			}
		},
		{
			"from": [0, 0, 0],
			"to": [16, 5, 2],
			"rotation": {"angle": 0, "axis": "y", "origin": [8, 2.5, 1]},
			"faces": {
				"north": {"uv": [0, 11, 16, 16], "texture": "#2"},
				"east": {"uv": [14, 11, 16, 16], "texture": "#0"},
				"south": {"uv": [0, 12, 16, 16], "texture": "#2"},
				"west": {"uv": [0, 11, 2, 16], "texture": "#2"},
				"up": {"uv": [0, 13, 16, 15], "rotation": 180, "texture": "#2"},
				"down": {"uv": [0, 14, 16, 16], "texture": "#4"}
			}
		},
		{
			"from": [0, 5, 0],
			"to": [2, 12, 2],
			"rotation": {"angle": 0, "axis": "y", "origin": [8, 13, 8]},
			"faces": {
				"north": {"uv": [14, 4, 16, 11], "texture": "#2"},
				"east": {"uv": [0, 0, 2, 7], "texture": "#missing"},
				"south": {"uv": [5, 4, 7, 11], "texture": "#2"},
				"west": {"uv": [0, 4, 2, 11], "texture": "#2"},
				"up": {"uv": [0, 0, 2, 2], "texture": "#missing"},
				"down": {"uv": [0, 0, 2, 2], "texture": "#missing"}
			}
		},
		{
			"from": [0, 5, 5],
			"to": [2, 12, 13],
			"rotation": {"angle": 0, "axis": "y", "origin": [1, 8.5, 9]},
			"faces": {
				"north": {"uv": [5, 4, 7, 11], "texture": "#2"},
				"east": {"uv": [0, 0, 8, 7], "texture": "#missing"},
				"south": {"uv": [5, 4, 7, 11], "rotation": 180, "texture": "#2"},
				"west": {"uv": [5, 4, 13, 11], "texture": "#2"},
				"up": {"uv": [0, 0, 8, 2], "rotation": 270, "texture": "#missing"},
				"down": {"uv": [0, 0, 8, 2], "rotation": 90, "texture": "#missing"}
			}
		},
		{
			"from": [0, 5, 14],
			"to": [2, 12, 16],
			"rotation": {"angle": 0, "axis": "y", "origin": [8, 13, 22]},
			"faces": {
				"north": {"uv": [0, 4, 2, 11], "texture": "#2"},
				"east": {"uv": [14, 4, 16, 11], "texture": "#0"},
				"south": {"uv": [0, 4, 2, 11], "texture": "#0"},
				"west": {"uv": [14, 4, 16, 11], "texture": "#2"},
				"up": {"uv": [0, 0, 2, 2], "texture": "#missing"},
				"down": {"uv": [0, 0, 2, 2], "texture": "#missing"}
			}
		},
		{
			"from": [0, 12, 2],
			"to": [2, 16, 16],
			"rotation": {"angle": 0, "axis": "y", "origin": [1, 14.5, 10]},
			"faces": {
				"north": {"uv": [14, 11, 16, 16], "texture": "#0"},
				"east": {"uv": [0, 12, 16, 16], "texture": "#2"},
				"south": {"uv": [0, 0, 2, 4], "texture": "#0"},
				"west": {"uv": [2, 0, 16, 4], "texture": "#2"},
				"up": {"uv": [0, 0, 14, 2], "rotation": 270, "texture": "#1"},
				"down": {"uv": [0, 2, 14, 4], "rotation": 90, "texture": "#0"}
			}
		},
		{
			"from": [0, 0, 2],
			"to": [2, 5, 16],
			"rotation": {"angle": 0, "axis": "y", "origin": [1, 2.5, 10]},
			"faces": {
				"north": {"uv": [14, 11, 16, 16], "texture": "#0"},
				"east": {"uv": [0, 12, 16, 16], "texture": "#2"},
				"south": {"uv": [0, 11, 2, 16], "texture": "#0"},
				"west": {"uv": [2, 11, 16, 16], "texture": "#2"},
				"up": {"uv": [2, 13, 16, 15], "rotation": 90, "texture": "#2"},
				"down": {"uv": [0, 0, 2, 14], "texture": "#4"}
			}
		},
		{
			"from": [12, 7, 1.9],
			"to": [13, 11, 2],
			"rotation": {"angle": 0, "axis": "y", "origin": [12.5, 9, 1.95]},
			"faces": {
				"north": {"uv": [4, 5, 5, 9], "texture": "#2"},
				"east": {"uv": [4, 5, 4.1, 9], "texture": "#2"},
				"south": {"uv": [4, 5, 5, 9], "texture": "#2"},
				"west": {"uv": [4, 5, 4.1, 9], "texture": "#2"},
				"up": {"uv": [4, 5, 5, 5.1], "texture": "#2"},
				"down": {"uv": [4, 5, 5, 5.1], "texture": "#2"}
			}
		},
		{
			"from": [1.9, 7, 3],
			"to": [2, 11, 4],
			"rotation": {"angle": 0, "axis": "y", "origin": [2.4, 9, 3.1]},
			"faces": {
				"north": {"uv": [4, 5, 4.1, 9], "texture": "#2"},
				"east": {"uv": [4, 5, 5, 9], "texture": "#2"},
				"south": {"uv": [4, 5, 4.1, 9], "texture": "#2"},
				"west": {"uv": [4, 5, 5, 9], "texture": "#2"},
				"up": {"uv": [4, 5, 4.1, 6], "texture": "#2"},
				"down": {"uv": [4, 5, 4.1, 6], "texture": "#2"}
			}
		}
	],
	"groups": [
		{
			"name": "Crafting Table",
			"origin": [10, 8, 10],
			"children": [0,
				{
					"name": "Layers",
					"origin": [10, 8, 10],
					"children": [
						{
							"name": "Top",
							"origin": [8, 8, 8],
							"children": [
								{
									"name": "LowerFlaps",
									"origin": [-0.5, 14.5, 8],
									"children": [
										{
											"name": "group",
											"origin": [-0.5, 14.5, 8],
											"children": [1, 2]
										},
										{
											"name": "group",
											"origin": [-0.5, 14.5, 8],
											"children": [3, 4]
										},
										{
											"name": "group",
											"origin": [-0.5, 14.5, 8],
											"children": [5, 6]
										},
										{
											"name": "group",
											"origin": [-0.5, 14.5, 8],
											"children": [7, 8]
										}
									]
								},
								{
									"name": "UpperFlaps",
									"origin": [13, 23.5, 23.75],
									"children": [9, 10, 11, 12]
								},
								{
									"name": "Grid",
									"origin": [15, 24, 18],
									"children": [13, 14, 15, 16, 17, 18, 19, 20, 21, 22, 23, 24, 25, 26, 27, 28, 29, 30, 31, 32, 33]
								},
								{
									"name": "OuterGrid",
									"origin": [9, 24, 11],
									"children": [34, 35, 36, 37, 38, 39, 40, 41, 42, 43, 44, 45, 46, 47, 48, 49]
								}
							]
						},
						{
							"name": "Pliers",
							"origin": [13, 14, 24],
							"children": [
								{
									"name": "PliersSouth",
									"origin": [13, 14, 24],
									"children": [50, 51, 52, 53, 54]
								},
								{
									"name": "PliersNorth",
									"origin": [13, 14, 24],
									"children": [55, 56, 57, 58, 59]
								}
							]
						},
						{
							"name": "Saws",
							"origin": [8, 8, 8],
							"children": [
								{
									"name": "SawNorth",
									"origin": [12, 19, 7],
									"children": [
										{
											"name": "SawHandle",
											"origin": [12, 19, 7],
											"children": [60, 61, 62, 63]
										},
										{
											"name": "SawBlade",
											"origin": [10, 11, 7.7],
											"children": [64, 65, 66]
										}
									]
								},
								{
									"name": "SawWest",
									"origin": [12, 19, 7],
									"children": [
										{
											"name": "SawHandle",
											"origin": [12, 19, 7],
											"children": [67, 68, 69, 70]
										},
										{
											"name": "SawBlade",
											"origin": [10, 11, 7.7],
											"children": [71, 72, 73]
										}
									]
								}
							]
						},
						{
							"name": "Hammers",
							"origin": [19.9, 18.7, 8.75],
							"children": [
								{
									"name": "HammerWest",
									"origin": [19.9, 18.7, 8.75],
									"children": [74, 75, 76]
								},
								{
									"name": "HammerNorth",
									"origin": [19.9, 18.7, 8.75],
									"children": [77, 78, 79]
								}
							]
						},
						{
							"name": "Faces",
							"origin": [20, 15, 9.9],
							"children": [
								{
									"name": "CraftingTableNorthFace",
									"origin": [8, 13, 8],
									"children": [80, 81, 82, 83, 84]
								},
								{
									"name": "CraftingTableWestFace",
									"origin": [20, 15, 9.9],
									"children": [85, 86, 87, 88]
								}
							]
						},
						{
							"name": "e",
							"origin": [2.4, 9, 3.1],
							"children": [89, 90]
						}
					]
				}
			]
		}
	]
}