{
	"credit": "Made with Blockbench",
	"textures": {
		"0": "block/smooth_stone",
		"1": "block/cobblestone",
		"2": "block/obsidian",
		"3": "block/enchanting_table_top",
		"4": "block/enchanting_table_side",
		"particle": "block/smooth_stone"
	},
	"elements": [
		{
			"name": "DiamondNorthWest",
			"from": [3, 9.5, 3],
			"to": [4, 9.9, 4],
			"rotation": {"angle": 0, "axis": "y", "origin": [2, 8, 2]},
			"faces": {
				"north": {"uv": [2, 2, 3, 2], "texture": "#0"},
				"east": {"uv": [2, 2, 3, 2], "texture": "#0"},
				"south": {"uv": [2, 2, 3, 2], "texture": "#0"},
				"west": {"uv": [2, 2, 3, 2], "texture": "#0"},
				"up": {"uv": [2, 2, 3, 3], "rotation": 180, "texture": "#0"},
				"down": {"uv": [0, 0, 1, 1], "rotation": 180, "texture": "#missing"}
			}
		},
		{
			"name": "DiamondNorthWest",
			"from": [3, 9.5, 2],
			"to": [4, 9.7, 3],
			"rotation": {"angle": 0, "axis": "y", "origin": [2, 8, 2]},
			"faces": {
				"north": {"uv": [2, 2, 3, 2], "texture": "#0"},
				"east": {"uv": [2, 2, 3, 2], "texture": "#0"},
				"south": {"uv": [2, 2, 3, 2], "texture": "#0"},
				"west": {"uv": [2, 2, 3, 2], "texture": "#0"},
				"up": {"uv": [2, 2, 3, 3], "rotation": 180, "texture": "#0"},
				"down": {"uv": [0, 0, 1, 1], "rotation": 180, "texture": "#missing"}
			}
		},
		{
			"name": "DiamondNorthWest",
			"from": [2, 9.5, 3],
			"to": [3, 9.7, 4],
			"rotation": {"angle": 0, "axis": "y", "origin": [2, 8, 2]},
			"faces": {
				"north": {"uv": [2, 2, 3, 2], "texture": "#0"},
				"east": {"uv": [2, 2, 3, 2], "texture": "#0"},
				"south": {"uv": [2, 2, 3, 2], "texture": "#0"},
				"west": {"uv": [2, 2, 3, 2], "texture": "#0"},
				"up": {"uv": [2, 2, 3, 3], "rotation": 180, "texture": "#0"},
				"down": {"uv": [0, 0, 1, 1], "rotation": 180, "texture": "#missing"}
			}
		},
		{
			"name": "DiamondNorthWest",
			"from": [1.9, 9, 3],
			"to": [2, 9.5, 4],
			"rotation": {"angle": 0, "axis": "y", "origin": [2, 8, 2]},
			"faces": {
				"north": {"uv": [2, 2, 3, 2], "texture": "#0"},
				"east": {"uv": [2, 2, 3, 2], "texture": "#0"},
				"south": {"uv": [2, 2, 3, 2], "texture": "#0"},
				"west": {"uv": [2, 2, 3, 2], "texture": "#0"},
				"up": {"uv": [2, 2, 3, 2], "texture": "#0"},
				"down": {"uv": [2, 2, 3, 2], "texture": "#0"}
			}
		},
		{
			"name": "DiamondNorthWest",
			"from": [3, 9, 1.9],
			"to": [4, 9.5, 2],
			"rotation": {"angle": 0, "axis": "y", "origin": [2, 8, 2]},
			"faces": {
				"north": {"uv": [2, 2, 3, 2], "texture": "#0"},
				"east": {"uv": [2, 2, 3, 2], "texture": "#0"},
				"south": {"uv": [2, 2, 3, 2], "texture": "#0"},
				"west": {"uv": [2, 2, 3, 2], "texture": "#0"},
				"up": {"uv": [2, 2, 3, 2], "texture": "#0"},
				"down": {"uv": [2, 2, 3, 2], "texture": "#0"}
			}
		},
		{
			"name": "DiamondNorthWest",
			"from": [2, 9.5, 2],
			"to": [3, 9.6, 3],
			"rotation": {"angle": 0, "axis": "y", "origin": [2, 8, 2]},
			"faces": {
				"north": {"uv": [2, 2, 3, 2], "texture": "#0"},
				"east": {"uv": [2, 2, 3, 2], "texture": "#0"},
				"south": {"uv": [2, 2, 3, 2], "texture": "#0"},
				"west": {"uv": [2, 2, 3, 2], "texture": "#0"},
				"up": {"uv": [2, 2, 3, 3], "rotation": 180, "texture": "#0"},
				"down": {"uv": [0, 0, 1, 1], "texture": "#missing"}
			}
		},
		{
			"name": "DiamondNorthWest",
			"from": [2, 8.75, 1],
			"to": [3, 9.55, 2],
			"rotation": {"angle": 0, "axis": "y", "origin": [2, 8, 2]},
			"faces": {
				"north": {"uv": [2, 2, 3, 3], "texture": "#0"},
				"east": {"uv": [2, 2, 3, 3], "texture": "#0"},
				"south": {"uv": [0, 0, 1, 0.8], "texture": "#missing"},
				"west": {"uv": [2, 2, 3, 3], "texture": "#0"},
				"up": {"uv": [1, 2, 2, 3], "texture": "#0"},
				"down": {"uv": [0, 0, 1, 1], "rotation": 270, "texture": "#missing"}
			}
		},
		{
			"name": "DiamondNorthWest",
			"from": [1, 8.75, 2],
			"to": [2, 9.55, 3],
			"rotation": {"angle": 0, "axis": "y", "origin": [2, 8, 2]},
			"faces": {
				"north": {"uv": [2, 2, 3, 3], "texture": "#0"},
				"east": {"uv": [2, 2, 3, 3], "texture": "#0"},
				"south": {"uv": [2, 2, 3, 3], "texture": "#0"},
				"west": {"uv": [2, 2, 3, 3], "texture": "#0"},
				"up": {"uv": [1, 2, 2, 3], "texture": "#0"},
				"down": {"uv": [0, 0, 1, 1], "texture": "#missing"}
			}
		},
		{
			"name": "DiamondNorthWest",
			"from": [2, 7.75, 1],
			"to": [3, 8.75, 2],
			"rotation": {"angle": 0, "axis": "y", "origin": [2, 8, 2]},
			"faces": {
				"north": {"uv": [2, 2, 3, 3], "texture": "#0"},
				"east": {"uv": [2, 2, 3, 3], "texture": "#0"},
				"south": {"uv": [0, 0, 1, 1], "texture": "#missing"},
				"west": {"uv": [2, 2, 3, 3], "texture": "#0"},
				"up": {"uv": [0, 0, 1, 1], "rotation": 90, "texture": "#missing"},
				"down": {"uv": [1, 2, 2, 3], "texture": "#0"}
			}
		},
		{
			"name": "DiamondNorthWest",
			"from": [1, 7.75, 2],
			"to": [2, 8.75, 3],
			"rotation": {"angle": 0, "axis": "y", "origin": [2, 8, 2]},
			"faces": {
				"north": {"uv": [2, 2, 3, 3], "texture": "#0"},
				"east": {"uv": [2, 2, 3, 3], "texture": "#0"},
				"south": {"uv": [2, 2, 3, 3], "texture": "#0"},
				"west": {"uv": [2, 2, 3, 3], "texture": "#0"},
				"up": {"uv": [0, 0, 1, 1], "rotation": 90, "texture": "#missing"},
				"down": {"uv": [1, 2, 2, 3], "texture": "#0"}
			}
		},
		{
			"name": "DiamondNorthWest",
			"from": [1, 7, 1],
			"to": [2, 8.5, 2],
			"rotation": {"angle": 0, "axis": "y", "origin": [2, 8, 2]},
			"faces": {
				"north": {"uv": [0, 1, 1, 3], "texture": "#0"},
				"east": {"uv": [0, 1, 1, 3], "texture": "#0"},
				"south": {"uv": [0, 1, 1, 3], "texture": "#0"},
				"west": {"uv": [0, 1, 1, 3], "texture": "#0"},
				"up": {"uv": [0, 0, 1, 1], "texture": "#0"},
				"down": {"uv": [0, 0, 1, 1], "texture": "#0"}
			}
		},
		{
			"name": "DiamondNorthWest",
			"from": [1, 6, 0],
			"to": [2, 7.5, 1],
			"rotation": {"angle": 0, "axis": "y", "origin": [2, 8, 2]},
			"faces": {
				"north": {"uv": [0, 1, 1, 3], "texture": "#0"},
				"east": {"uv": [0, 1, 1, 3], "texture": "#0"},
				"south": {"uv": [0, 1, 1, 3], "texture": "#0"},
				"west": {"uv": [0, 1, 1, 3], "texture": "#0"},
				"up": {"uv": [0, 3, 1, 4], "texture": "#0"},
				"down": {"uv": [0, 3, 1, 4], "texture": "#0"}
			}
		},
		{
			"name": "DiamondNorthWest",
			"from": [0, 6, 1],
			"to": [1, 7.5, 2],
			"rotation": {"angle": 0, "axis": "y", "origin": [2, 8, 2]},
			"faces": {
				"north": {"uv": [0, 1, 1, 3], "texture": "#0"},
				"east": {"uv": [0, 1, 1, 3], "texture": "#0"},
				"south": {"uv": [0, 1, 1, 3], "texture": "#0"},
				"west": {"uv": [0, 1, 1, 3], "texture": "#0"},
				"up": {"uv": [0, 3, 1, 4], "texture": "#0"},
				"down": {"uv": [0, 3, 1, 4], "texture": "#0"}
			}
		},
		{
			"name": "DiamondNorthWest",
			"from": [0, 5, 0],
			"to": [1, 6.5, 1],
			"rotation": {"angle": 0, "axis": "y", "origin": [2, 8, 2]},
			"faces": {
				"north": {"uv": [0, 1, 1, 3], "texture": "#0"},
				"east": {"uv": [0, 1, 1, 3], "texture": "#0"},
				"south": {"uv": [0, 1, 1, 3], "texture": "#0"},
				"west": {"uv": [0, 1, 1, 3], "texture": "#0"},
				"up": {"uv": [0, 0, 1, 1], "texture": "#0"},
				"down": {"uv": [0, 0, 1, 1], "texture": "#0"}
			}
		},
		{
			"name": "DiamondNorthEast",
			"from": [12, 9.5, 3],
			"to": [13, 9.9, 4],
			"rotation": {"angle": 0, "axis": "y", "origin": [14, 8, 2]},
			"faces": {
				"north": {"uv": [2, 2, 3, 2], "texture": "#0"},
				"east": {"uv": [2, 2, 3, 2], "texture": "#0"},
				"south": {"uv": [2, 2, 3, 2], "texture": "#0"},
				"west": {"uv": [2, 2, 3, 2], "texture": "#0"},
				"up": {"uv": [2, 2, 3, 3], "rotation": 270, "texture": "#0"},
				"down": {"uv": [0, 0, 1, 1], "rotation": 90, "texture": "#missing"}
			}
		},
		{
			"name": "DiamondNorthEast",
			"from": [13, 9.5, 3],
			"to": [14, 9.7, 4],
			"rotation": {"angle": 0, "axis": "y", "origin": [14, 8, 2]},
			"faces": {
				"north": {"uv": [2, 2, 3, 2.2], "texture": "#0"},
				"east": {"uv": [2, 2, 3, 2.2], "texture": "#0"},
				"south": {"uv": [2, 2, 3, 2.2], "texture": "#0"},
				"west": {"uv": [2, 2, 3, 2.2], "texture": "#0"},
				"up": {"uv": [2, 2, 3, 3], "rotation": 270, "texture": "#0"},
				"down": {"uv": [0, 0, 1, 1], "rotation": 90, "texture": "#missing"}
			}
		},
		{
			"name": "DiamondNorthEast",
			"from": [12, 9.5, 2],
			"to": [13, 9.7, 3],
			"rotation": {"angle": 0, "axis": "y", "origin": [14, 8, 2]},
			"faces": {
				"north": {"uv": [2, 2, 3, 2.2], "texture": "#0"},
				"east": {"uv": [2, 2, 3, 2.2], "texture": "#0"},
				"south": {"uv": [2, 2, 3, 2.2], "texture": "#0"},
				"west": {"uv": [2, 2, 3, 2.2], "texture": "#0"},
				"up": {"uv": [2, 2, 3, 3], "rotation": 270, "texture": "#0"},
				"down": {"uv": [0, 0, 1, 1], "rotation": 90, "texture": "#missing"}
			}
		},
		{
			"name": "DiamondNorthEast",
			"from": [12, 9, 1.9],
			"to": [13, 9.5, 2],
			"rotation": {"angle": 0, "axis": "y", "origin": [14, 8, 2]},
			"faces": {
				"north": {"uv": [2, 2, 3, 2.5], "texture": "#0"},
				"east": {"uv": [2, 2, 2.1, 2.5], "texture": "#0"},
				"south": {"uv": [2, 2, 3, 2.5], "texture": "#0"},
				"west": {"uv": [2, 2, 2.1, 2.5], "texture": "#0"},
				"up": {"uv": [2, 2, 2.1, 3], "rotation": 90, "texture": "#0"},
				"down": {"uv": [2, 2, 2.1, 3], "rotation": 270, "texture": "#0"}
			}
		},
		{
			"name": "DiamondNorthEast",
			"from": [14, 9, 3],
			"to": [14.1, 9.5, 4],
			"rotation": {"angle": 0, "axis": "y", "origin": [14, 8, 2]},
			"faces": {
				"north": {"uv": [2, 2, 3, 2], "texture": "#0"},
				"east": {"uv": [2, 2, 3, 2], "texture": "#0"},
				"south": {"uv": [2, 2, 3, 2], "texture": "#0"},
				"west": {"uv": [2, 2, 3, 2], "texture": "#0"},
				"up": {"uv": [2, 2, 3, 2], "rotation": 90, "texture": "#0"},
				"down": {"uv": [2, 2, 3, 2], "rotation": 270, "texture": "#0"}
			}
		},
		{
			"name": "DiamondNorthEast",
			"from": [13, 9.5, 2],
			"to": [14, 9.6, 3],
			"rotation": {"angle": 0, "axis": "y", "origin": [14, 8, 2]},
			"faces": {
				"north": {"uv": [2, 2, 3, 2.1], "texture": "#0"},
				"east": {"uv": [2, 2, 3, 2.1], "texture": "#0"},
				"south": {"uv": [2, 2, 3, 2.1], "texture": "#0"},
				"west": {"uv": [2, 2, 3, 2.1], "texture": "#0"},
				"up": {"uv": [2, 2, 3, 3], "rotation": 270, "texture": "#0"},
				"down": {"uv": [0, 0, 1, 1], "rotation": 270, "texture": "#missing"}
			}
		},
		{
			"name": "DiamondNorthEast",
			"from": [14, 8.75, 2],
			"to": [15, 9.55, 3],
			"rotation": {"angle": 0, "axis": "y", "origin": [14, 8, 2]},
			"faces": {
				"north": {"uv": [2, 2, 3, 2.8], "texture": "#0"},
				"east": {"uv": [2, 2, 3, 2.8], "texture": "#0"},
				"south": {"uv": [2, 2, 3, 2.8], "texture": "#0"},
				"west": {"uv": [0, 0, 1, 0.8], "texture": "#missing"},
				"up": {"uv": [1, 2, 2, 3], "rotation": 90, "texture": "#0"},
				"down": {"uv": [0, 0, 1, 1], "rotation": 180, "texture": "#missing"}
			}
		},
		{
			"name": "DiamondNorthEast",
			"from": [13, 8.75, 1],
			"to": [14, 9.55, 2],
			"rotation": {"angle": 0, "axis": "y", "origin": [14, 8, 2]},
			"faces": {
				"north": {"uv": [2, 2, 3, 3], "texture": "#0"},
				"east": {"uv": [2, 2, 3, 3], "texture": "#0"},
				"south": {"uv": [2, 2, 3, 3], "texture": "#0"},
				"west": {"uv": [2, 2, 3, 3], "texture": "#0"},
				"up": {"uv": [1, 2, 2, 3], "rotation": 90, "texture": "#0"},
				"down": {"uv": [0, 0, 1, 1], "rotation": 270, "texture": "#missing"}
			}
		},
		{
			"name": "DiamondNorthEast",
			"from": [14, 7.75, 2],
			"to": [15, 8.75, 3],
			"rotation": {"angle": 0, "axis": "y", "origin": [14, 8, 2]},
			"faces": {
				"north": {"uv": [2, 2, 3, 3], "texture": "#0"},
				"east": {"uv": [2, 2, 3, 3], "texture": "#0"},
				"south": {"uv": [2, 2, 3, 3], "texture": "#0"},
				"west": {"uv": [0, 0, 1, 1], "texture": "#missing"},
				"up": {"uv": [0, 0, 1, 1], "rotation": 180, "texture": "#missing"},
				"down": {"uv": [1, 2, 2, 3], "rotation": 270, "texture": "#0"}
			}
		},
		{
			"name": "DiamondNorthEast",
			"from": [13, 7.75, 1],
			"to": [14, 8.75, 2],
			"rotation": {"angle": 0, "axis": "y", "origin": [14, 8, 2]},
			"faces": {
				"north": {"uv": [2, 2, 3, 3], "texture": "#0"},
				"east": {"uv": [2, 2, 3, 3], "texture": "#0"},
				"south": {"uv": [2, 2, 3, 3], "texture": "#0"},
				"west": {"uv": [2, 2, 3, 3], "texture": "#0"},
				"up": {"uv": [0, 0, 1, 1], "rotation": 180, "texture": "#missing"},
				"down": {"uv": [1, 2, 2, 3], "rotation": 270, "texture": "#0"}
			}
		},
		{
			"name": "DiamondNorthEast",
			"from": [14, 7, 1],
			"to": [15, 8.5, 2],
			"rotation": {"angle": 0, "axis": "y", "origin": [14, 8, 2]},
			"faces": {
				"north": {"uv": [0, 1, 1, 3], "texture": "#0"},
				"east": {"uv": [0, 1, 1, 3], "texture": "#0"},
				"south": {"uv": [0, 1, 1, 3], "texture": "#0"},
				"west": {"uv": [0, 1, 1, 3], "texture": "#0"},
				"up": {"uv": [0, 0, 1, 1], "rotation": 90, "texture": "#0"},
				"down": {"uv": [0, 0, 1, 1], "rotation": 270, "texture": "#0"}
			}
		},
		{
			"name": "DiamondNorthEast",
			"from": [15, 6, 1],
			"to": [16, 7.5, 2],
			"rotation": {"angle": 0, "axis": "y", "origin": [14, 8, 2]},
			"faces": {
				"north": {"uv": [0, 1, 1, 3], "texture": "#0"},
				"east": {"uv": [0, 1, 1, 3], "texture": "#0"},
				"south": {"uv": [0, 1, 1, 3], "texture": "#0"},
				"west": {"uv": [0, 1, 1, 3], "texture": "#0"},
				"up": {"uv": [0, 3, 1, 4], "rotation": 90, "texture": "#0"},
				"down": {"uv": [0, 3, 1, 4], "rotation": 270, "texture": "#0"}
			}
		},
		{
			"name": "DiamondNorthEast",
			"from": [14, 6, 0],
			"to": [15, 7.5, 1],
			"rotation": {"angle": 0, "axis": "y", "origin": [14, 8, 2]},
			"faces": {
				"north": {"uv": [0, 1, 1, 2.5], "texture": "#0"},
				"east": {"uv": [0, 1, 1, 2.5], "texture": "#0"},
				"south": {"uv": [0, 1, 1, 2.5], "texture": "#0"},
				"west": {"uv": [0, 1, 1, 2.5], "texture": "#0"},
				"up": {"uv": [0, 3, 1, 4], "rotation": 90, "texture": "#0"},
				"down": {"uv": [0, 3, 1, 4], "rotation": 270, "texture": "#0"}
			}
		},
		{
			"name": "DiamondNorthEast",
			"from": [15, 5, 0],
			"to": [16, 6.5, 1],
			"rotation": {"angle": 0, "axis": "y", "origin": [14, 8, 2]},
			"faces": {
				"north": {"uv": [0, 1, 1, 2.5], "texture": "#0"},
				"east": {"uv": [0, 1, 1, 2.5], "texture": "#0"},
				"south": {"uv": [0, 1, 1, 2.5], "texture": "#0"},
				"west": {"uv": [0, 1, 1, 2.5], "texture": "#0"},
				"up": {"uv": [0, 0, 1, 1], "rotation": 90, "texture": "#0"},
				"down": {"uv": [0, 0, 1, 1], "rotation": 270, "texture": "#0"}
			}
		},
		{
			"name": "DiamondSouthEast",
			"from": [12, 9.5, 12],
			"to": [13, 9.9, 13],
			"rotation": {"angle": 0, "axis": "y", "origin": [14, 8, 14]},
			"faces": {
				"north": {"uv": [2, 2, 3, 2], "texture": "#0"},
				"east": {"uv": [2, 2, 3, 2], "texture": "#0"},
				"south": {"uv": [2, 2, 3, 2], "texture": "#0"},
				"west": {"uv": [2, 2, 3, 2], "texture": "#0"},
				"up": {"uv": [2, 2, 3, 3], "texture": "#0"},
				"down": {"uv": [0, 0, 1, 1], "texture": "#missing"}
			}
		},
		{
			"name": "DiamondSouthEast",
			"from": [12, 9.5, 13],
			"to": [13, 9.7, 14],
			"rotation": {"angle": 0, "axis": "y", "origin": [14, 8, 14]},
			"faces": {
				"north": {"uv": [2, 2, 3, 2.2], "texture": "#0"},
				"east": {"uv": [2, 2, 3, 2.2], "texture": "#0"},
				"south": {"uv": [2, 2, 3, 2.2], "texture": "#0"},
				"west": {"uv": [2, 2, 3, 2.2], "texture": "#0"},
				"up": {"uv": [2, 2, 3, 3], "texture": "#0"},
				"down": {"uv": [0, 0, 1, 1], "texture": "#missing"}
			}
		},
		{
			"name": "DiamondSouthEast",
			"from": [13, 9.5, 12],
			"to": [14, 9.7, 13],
			"rotation": {"angle": 0, "axis": "y", "origin": [14, 8, 14]},
			"faces": {
				"north": {"uv": [2, 2, 3, 2.2], "texture": "#0"},
				"east": {"uv": [2, 2, 3, 2.2], "texture": "#0"},
				"south": {"uv": [2, 2, 3, 2.2], "texture": "#0"},
				"west": {"uv": [2, 2, 3, 2.2], "texture": "#0"},
				"up": {"uv": [2, 2, 3, 3], "texture": "#0"},
				"down": {"uv": [0, 0, 1, 1], "texture": "#missing"}
			}
		},
		{
			"name": "DiamondSouthEast",
			"from": [14, 9, 12],
			"to": [14.1, 9.5, 13],
			"rotation": {"angle": 0, "axis": "y", "origin": [14, 8, 14]},
			"faces": {
				"north": {"uv": [2, 2, 2.1, 2.5], "texture": "#0"},
				"east": {"uv": [2, 2, 3, 2.5], "texture": "#0"},
				"south": {"uv": [2, 2, 2.1, 2.5], "texture": "#0"},
				"west": {"uv": [2, 2, 3, 2.5], "texture": "#0"},
				"up": {"uv": [2, 2, 2.1, 3], "rotation": 180, "texture": "#0"},
				"down": {"uv": [2, 2, 2.1, 3], "rotation": 180, "texture": "#0"}
			}
		},
		{
			"name": "DiamondSouthEast",
			"from": [12, 9, 14],
			"to": [13, 9.5, 14.1],
			"rotation": {"angle": 0, "axis": "y", "origin": [14, 8, 14]},
			"faces": {
				"north": {"uv": [2, 2, 3, 2], "texture": "#0"},
				"east": {"uv": [2, 2, 3, 2], "texture": "#0"},
				"south": {"uv": [2, 2, 3, 2], "texture": "#0"},
				"west": {"uv": [2, 2, 3, 2], "texture": "#0"},
				"up": {"uv": [2, 2, 3, 2], "rotation": 180, "texture": "#0"},
				"down": {"uv": [2, 2, 3, 2], "rotation": 180, "texture": "#0"}
			}
		},
		{
			"name": "DiamondSouthEast",
			"from": [13, 9.5, 13],
			"to": [14, 9.6, 14],
			"rotation": {"angle": 0, "axis": "y", "origin": [14, 8, 14]},
			"faces": {
				"north": {"uv": [2, 2, 3, 2.1], "texture": "#0"},
				"east": {"uv": [2, 2, 3, 2.1], "texture": "#0"},
				"south": {"uv": [2, 2, 3, 2.1], "texture": "#0"},
				"west": {"uv": [2, 2, 3, 2.1], "texture": "#0"},
				"up": {"uv": [2, 2, 3, 3], "texture": "#0"},
				"down": {"uv": [0, 0, 1, 1], "rotation": 180, "texture": "#missing"}
			}
		},
		{
			"name": "DiamondSouthEast",
			"from": [13, 8.75, 14],
			"to": [14, 9.55, 15],
			"rotation": {"angle": 0, "axis": "y", "origin": [14, 8, 14]},
			"faces": {
				"north": {"uv": [0, 0, 1, 0.8], "texture": "#missing"},
				"east": {"uv": [2, 2, 3, 2.8], "texture": "#0"},
				"south": {"uv": [2, 2, 3, 2.8], "texture": "#0"},
				"west": {"uv": [2, 2, 3, 2.8], "texture": "#0"},
				"up": {"uv": [1, 2, 2, 3], "rotation": 180, "texture": "#0"},
				"down": {"uv": [0, 0, 1, 1], "rotation": 90, "texture": "#missing"}
			}
		},
		{
			"name": "DiamondSouthEast",
			"from": [14, 8.75, 13],
			"to": [15, 9.55, 14],
			"rotation": {"angle": 0, "axis": "y", "origin": [14, 8, 14]},
			"faces": {
				"north": {"uv": [2, 2, 3, 3], "texture": "#0"},
				"east": {"uv": [2, 2, 3, 3], "texture": "#0"},
				"south": {"uv": [2, 2, 3, 3], "texture": "#0"},
				"west": {"uv": [2, 2, 3, 3], "texture": "#0"},
				"up": {"uv": [1, 2, 2, 3], "rotation": 180, "texture": "#0"},
				"down": {"uv": [0, 0, 1, 1], "rotation": 180, "texture": "#missing"}
			}
		},
		{
			"name": "DiamondSouthEast",
			"from": [13, 7.75, 14],
			"to": [14, 8.75, 15],
			"rotation": {"angle": 0, "axis": "y", "origin": [14, 8, 14]},
			"faces": {
				"north": {"uv": [0, 0, 1, 1], "texture": "#missing"},
				"east": {"uv": [2, 2, 3, 3], "texture": "#0"},
				"south": {"uv": [2, 2, 3, 3], "texture": "#0"},
				"west": {"uv": [2, 2, 3, 3], "texture": "#0"},
				"up": {"uv": [0, 0, 1, 1], "rotation": 270, "texture": "#missing"},
				"down": {"uv": [1, 2, 2, 3], "rotation": 180, "texture": "#0"}
			}
		},
		{
			"name": "DiamondSouthEast",
			"from": [14, 7.75, 13],
			"to": [15, 8.75, 14],
			"rotation": {"angle": 0, "axis": "y", "origin": [14, 8, 14]},
			"faces": {
				"north": {"uv": [2, 2, 3, 3], "texture": "#0"},
				"east": {"uv": [2, 2, 3, 3], "texture": "#0"},
				"south": {"uv": [2, 2, 3, 3], "texture": "#0"},
				"west": {"uv": [2, 2, 3, 3], "texture": "#0"},
				"up": {"uv": [0, 0, 1, 1], "rotation": 270, "texture": "#missing"},
				"down": {"uv": [1, 2, 2, 3], "rotation": 180, "texture": "#0"}
			}
		},
		{
			"name": "DiamondSouthEast",
			"from": [14, 7, 14],
			"to": [15, 8.5, 15],
			"rotation": {"angle": 0, "axis": "y", "origin": [14, 8, 14]},
			"faces": {
				"north": {"uv": [0, 1, 1, 3], "texture": "#0"},
				"east": {"uv": [0, 1, 1, 3], "texture": "#0"},
				"south": {"uv": [0, 1, 1, 3], "texture": "#0"},
				"west": {"uv": [0, 1, 1, 3], "texture": "#0"},
				"up": {"uv": [0, 0, 1, 1], "rotation": 180, "texture": "#0"},
				"down": {"uv": [0, 0, 1, 1], "rotation": 180, "texture": "#0"}
			}
		},
		{
			"name": "DiamondSouthEast",
			"from": [14, 6, 15],
			"to": [15, 7.5, 16],
			"rotation": {"angle": 0, "axis": "y", "origin": [14, 8, 14]},
			"faces": {
				"north": {"uv": [0, 1, 1, 3], "texture": "#0"},
				"east": {"uv": [0, 1, 1, 3], "texture": "#0"},
				"south": {"uv": [0, 1, 1, 3], "texture": "#0"},
				"west": {"uv": [0, 1, 1, 3], "texture": "#0"},
				"up": {"uv": [0, 3, 1, 4], "rotation": 180, "texture": "#0"},
				"down": {"uv": [0, 3, 1, 4], "rotation": 180, "texture": "#0"}
			}
		},
		{
			"name": "DiamondSouthEast",
			"from": [15, 6, 14],
			"to": [16, 7.5, 15],
			"rotation": {"angle": 0, "axis": "y", "origin": [14, 8, 14]},
			"faces": {
				"north": {"uv": [0, 1, 1, 2.5], "texture": "#0"},
				"east": {"uv": [0, 1, 1, 2.5], "texture": "#0"},
				"south": {"uv": [0, 1, 1, 2.5], "texture": "#0"},
				"west": {"uv": [0, 1, 1, 2.5], "texture": "#0"},
				"up": {"uv": [0, 3, 1, 4], "rotation": 180, "texture": "#0"},
				"down": {"uv": [0, 3, 1, 4], "rotation": 180, "texture": "#0"}
			}
		},
		{
			"name": "DiamondSouthEast",
			"from": [15, 5, 15],
			"to": [16, 6.5, 16],
			"rotation": {"angle": 0, "axis": "y", "origin": [14, 8, 14]},
			"faces": {
				"north": {"uv": [0, 1, 1, 2.5], "texture": "#0"},
				"east": {"uv": [0, 1, 1, 2.5], "texture": "#0"},
				"south": {"uv": [0, 1, 1, 2.5], "texture": "#0"},
				"west": {"uv": [0, 1, 1, 2.5], "texture": "#0"},
				"up": {"uv": [0, 0, 1, 1], "rotation": 180, "texture": "#0"},
				"down": {"uv": [0, 0, 1, 1], "rotation": 180, "texture": "#0"}
			}
		},
		{
			"name": "DiamondSouthWest",
			"from": [3, 9.5, 12],
			"to": [4, 9.9, 13],
			"rotation": {"angle": 0, "axis": "y", "origin": [14, 8, 14]},
			"faces": {
				"north": {"uv": [2, 2, 3, 2], "texture": "#0"},
				"east": {"uv": [2, 2, 3, 2], "texture": "#0"},
				"south": {"uv": [2, 2, 3, 2], "texture": "#0"},
				"west": {"uv": [2, 2, 3, 2], "texture": "#0"},
				"up": {"uv": [2, 2, 3, 3], "rotation": 90, "texture": "#0"},
				"down": {"uv": [0, 0, 1, 1], "rotation": 270, "texture": "#missing"}
			}
		},
		{
			"name": "DiamondSouthWest",
			"from": [2, 9.5, 12],
			"to": [3, 9.7, 13],
			"rotation": {"angle": 0, "axis": "y", "origin": [14, 8, 14]},
			"faces": {
				"north": {"uv": [2, 2, 3, 2.2], "texture": "#0"},
				"east": {"uv": [2, 2, 3, 2.2], "texture": "#0"},
				"south": {"uv": [2, 2, 3, 2.2], "texture": "#0"},
				"west": {"uv": [2, 2, 3, 2.2], "texture": "#0"},
				"up": {"uv": [2, 2, 3, 3], "rotation": 90, "texture": "#0"},
				"down": {"uv": [0, 0, 1, 1], "rotation": 270, "texture": "#missing"}
			}
		},
		{
			"name": "DiamondSouthWest",
			"from": [3, 9.5, 13],
			"to": [4, 9.7, 14],
			"rotation": {"angle": 0, "axis": "y", "origin": [14, 8, 14]},
			"faces": {
				"north": {"uv": [2, 2, 3, 2.2], "texture": "#0"},
				"east": {"uv": [2, 2, 3, 2.2], "texture": "#0"},
				"south": {"uv": [2, 2, 3, 2.2], "texture": "#0"},
				"west": {"uv": [2, 2, 3, 2.2], "texture": "#0"},
				"up": {"uv": [2, 2, 3, 3], "rotation": 90, "texture": "#0"},
				"down": {"uv": [0, 0, 1, 1], "rotation": 270, "texture": "#missing"}
			}
		},
		{
			"name": "DiamondSouthWest",
			"from": [3, 9, 14],
			"to": [4, 9.5, 14.1],
			"rotation": {"angle": 0, "axis": "y", "origin": [14, 8, 14]},
			"faces": {
				"north": {"uv": [2, 2, 3, 2.5], "texture": "#0"},
				"east": {"uv": [2, 2, 2.1, 2.5], "texture": "#0"},
				"south": {"uv": [2, 2, 3, 2.5], "texture": "#0"},
				"west": {"uv": [2, 2, 2.1, 2.5], "texture": "#0"},
				"up": {"uv": [2, 2, 2.1, 3], "rotation": 270, "texture": "#0"},
				"down": {"uv": [2, 2, 2.1, 3], "rotation": 90, "texture": "#0"}
			}
		},
		{
			"name": "DiamondSouthWest",
			"from": [1.9, 9, 12],
			"to": [2, 9.5, 13],
			"rotation": {"angle": 0, "axis": "y", "origin": [14, 8, 14]},
			"faces": {
				"north": {"uv": [2, 2, 3, 2], "texture": "#0"},
				"east": {"uv": [2, 2, 3, 2], "texture": "#0"},
				"south": {"uv": [2, 2, 3, 2], "texture": "#0"},
				"west": {"uv": [2, 2, 3, 2], "texture": "#0"},
				"up": {"uv": [2, 2, 3, 2], "rotation": 270, "texture": "#0"},
				"down": {"uv": [2, 2, 3, 2], "rotation": 90, "texture": "#0"}
			}
		},
		{
			"name": "DiamondSouthWest",
			"from": [2, 9.5, 13],
			"to": [3, 9.6, 14],
			"rotation": {"angle": 0, "axis": "y", "origin": [14, 8, 14]},
			"faces": {
				"north": {"uv": [2, 2, 3, 2.1], "texture": "#0"},
				"east": {"uv": [2, 2, 3, 2.1], "texture": "#0"},
				"south": {"uv": [2, 2, 3, 2.1], "texture": "#0"},
				"west": {"uv": [2, 2, 3, 2.1], "texture": "#0"},
				"up": {"uv": [2, 2, 3, 3], "rotation": 90, "texture": "#0"},
				"down": {"uv": [0, 0, 1, 1], "rotation": 90, "texture": "#missing"}
			}
		},
		{
			"name": "DiamondSouthWest",
			"from": [1, 8.75, 13],
			"to": [2, 9.55, 14],
			"rotation": {"angle": 0, "axis": "y", "origin": [14, 8, 14]},
			"faces": {
				"north": {"uv": [2, 2, 3, 2.8], "texture": "#0"},
				"east": {"uv": [0, 0, 1, 0.8], "texture": "#missing"},
				"south": {"uv": [2, 2, 3, 2.8], "texture": "#0"},
				"west": {"uv": [2, 2, 3, 2.8], "texture": "#0"},
				"up": {"uv": [1, 2, 2, 3], "rotation": 270, "texture": "#0"},
				"down": {"uv": [0, 0, 1, 1], "texture": "#missing"}
			}
		},
		{
			"name": "DiamondSouthWest",
			"from": [2, 8.75, 14],
			"to": [3, 9.55, 15],
			"rotation": {"angle": 0, "axis": "y", "origin": [14, 8, 14]},
			"faces": {
				"north": {"uv": [2, 2, 3, 3], "texture": "#0"},
				"east": {"uv": [2, 2, 3, 3], "texture": "#0"},
				"south": {"uv": [2, 2, 3, 3], "texture": "#0"},
				"west": {"uv": [2, 2, 3, 3], "texture": "#0"},
				"up": {"uv": [1, 2, 2, 3], "rotation": 270, "texture": "#0"},
				"down": {"uv": [0, 0, 1, 1], "rotation": 90, "texture": "#missing"}
			}
		},
		{
			"name": "DiamondSouthWest",
			"from": [1, 7.75, 13],
			"to": [2, 8.75, 14],
			"rotation": {"angle": 0, "axis": "y", "origin": [14, 8, 14]},
			"faces": {
				"north": {"uv": [2, 2, 3, 3], "texture": "#0"},
				"east": {"uv": [0, 0, 1, 1], "texture": "#missing"},
				"south": {"uv": [2, 2, 3, 3], "texture": "#0"},
				"west": {"uv": [2, 2, 3, 3], "texture": "#0"},
				"up": {"uv": [0, 0, 1, 1], "texture": "#missing"},
				"down": {"uv": [1, 2, 2, 3], "rotation": 90, "texture": "#0"}
			}
		},
		{
			"name": "DiamondSouthWest",
			"from": [2, 7.75, 14],
			"to": [3, 8.75, 15],
			"rotation": {"angle": 0, "axis": "y", "origin": [14, 8, 14]},
			"faces": {
				"north": {"uv": [2, 2, 3, 3], "texture": "#0"},
				"east": {"uv": [2, 2, 3, 3], "texture": "#0"},
				"south": {"uv": [2, 2, 3, 3], "texture": "#0"},
				"west": {"uv": [2, 2, 3, 3], "texture": "#0"},
				"up": {"uv": [0, 0, 1, 1], "texture": "#missing"},
				"down": {"uv": [1, 2, 2, 3], "rotation": 90, "texture": "#0"}
			}
		},
		{
			"name": "DiamondSouthWest",
			"from": [1, 7, 14],
			"to": [2, 8.5, 15],
			"rotation": {"angle": 0, "axis": "y", "origin": [14, 8, 14]},
			"faces": {
				"north": {"uv": [0, 1, 1, 3], "texture": "#0"},
				"east": {"uv": [0, 1, 1, 3], "texture": "#0"},
				"south": {"uv": [0, 1, 1, 3], "texture": "#0"},
				"west": {"uv": [0, 1, 1, 3], "texture": "#0"},
				"up": {"uv": [0, 0, 1, 1], "rotation": 270, "texture": "#0"},
				"down": {"uv": [0, 0, 1, 1], "rotation": 90, "texture": "#0"}
			}
		},
		{
			"name": "DiamondSouthWest",
			"from": [0, 6, 14],
			"to": [1, 7.5, 15],
			"rotation": {"angle": 0, "axis": "y", "origin": [14, 8, 14]},
			"faces": {
				"north": {"uv": [0, 1, 1, 3], "texture": "#0"},
				"east": {"uv": [0, 1, 1, 3], "texture": "#0"},
				"south": {"uv": [0, 1, 1, 3], "texture": "#0"},
				"west": {"uv": [0, 1, 1, 3], "texture": "#0"},
				"up": {"uv": [0, 3, 1, 4], "rotation": 270, "texture": "#0"},
				"down": {"uv": [0, 3, 1, 4], "rotation": 90, "texture": "#0"}
			}
		},
		{
			"name": "DiamondSouthWest",
			"from": [1, 6, 15],
			"to": [2, 7.5, 16],
			"rotation": {"angle": 0, "axis": "y", "origin": [14, 8, 14]},
			"faces": {
				"north": {"uv": [0, 1, 1, 2.5], "texture": "#0"},
				"east": {"uv": [0, 1, 1, 2.5], "texture": "#0"},
				"south": {"uv": [0, 1, 1, 2.5], "texture": "#0"},
				"west": {"uv": [0, 1, 1, 2.5], "texture": "#0"},
				"up": {"uv": [0, 3, 1, 4], "rotation": 270, "texture": "#0"},
				"down": {"uv": [0, 3, 1, 4], "rotation": 90, "texture": "#0"}
			}
		},
		{
			"name": "DiamondSouthWest",
			"from": [0, 5, 15],
			"to": [1, 6.5, 16],
			"rotation": {"angle": 0, "axis": "y", "origin": [14, 8, 14]},
			"faces": {
				"north": {"uv": [0, 1, 1, 2.5], "texture": "#0"},
				"east": {"uv": [0, 1, 1, 2.5], "texture": "#0"},
				"south": {"uv": [0, 1, 1, 2.5], "texture": "#0"},
				"west": {"uv": [0, 1, 1, 2.5], "texture": "#0"},
				"up": {"uv": [0, 0, 1, 1], "rotation": 270, "texture": "#0"},
				"down": {"uv": [0, 0, 1, 1], "rotation": 90, "texture": "#0"}
			}
		},
		{
			"from": [1, 5, 0],
			"to": [15, 6, 1],
			"rotation": {"angle": 0, "axis": "y", "origin": [9, 13, 8]},
			"faces": {
				"north": {"uv": [1, 10, 15, 11], "texture": "#0"},
				"east": {"uv": [0, 10, 1, 11], "texture": "#2"},
				"south": {"uv": [1, 10, 15, 11], "texture": "#2"},
				"west": {"uv": [15, 10, 16, 11], "texture": "#2"},
				"up": {"uv": [1, 10, 15, 11], "rotation": 180, "texture": "#0"},
				"down": {"uv": [1, 10, 15, 11], "rotation": 180, "texture": "#0"}
			}
		},
		{
			"from": [1, 5, 15],
			"to": [15, 6, 16],
			"rotation": {"angle": 0, "axis": "y", "origin": [9, 13, 23]},
			"faces": {
				"north": {"uv": [1, 10, 15, 11], "texture": "#0"},
				"east": {"uv": [15, 10, 16, 11], "texture": "#0"},
				"south": {"uv": [1, 10, 15, 11], "texture": "#0"},
				"west": {"uv": [0, 10, 1, 11], "texture": "#0"},
				"up": {"uv": [1, 10, 15, 11], "texture": "#0"},
				"down": {"uv": [1, 10, 15, 11], "texture": "#0"}
			}
		},
		{
			"from": [15, 5, 1],
			"to": [16, 6, 15],
			"rotation": {"angle": 0, "axis": "y", "origin": [23, 13, 9]},
			"faces": {
				"north": {"uv": [15, 10, 16, 11], "texture": "#0"},
				"east": {"uv": [1, 10, 15, 11], "texture": "#0"},
				"south": {"uv": [0, 10, 1, 11], "texture": "#0"},
				"west": {"uv": [1, 10, 15, 11], "texture": "#0"},
				"up": {"uv": [1, 10, 15, 11], "rotation": 90, "texture": "#0"},
				"down": {"uv": [0, 0, 1, 14], "texture": "#missing"}
			}
		},
		{
			"from": [0, 5, 1],
			"to": [1, 6, 15],
			"rotation": {"angle": 0, "axis": "y", "origin": [8, 13, 9]},
			"faces": {
				"north": {"uv": [0, 10, 1, 11], "texture": "#2"},
				"east": {"uv": [1, 10, 15, 11], "texture": "#2"},
				"south": {"uv": [15, 10, 16, 11], "texture": "#2"},
				"west": {"uv": [1, 10, 15, 11], "texture": "#2"},
				"up": {"uv": [1, 10, 15, 11], "rotation": 90, "texture": "#2"},
				"down": {"uv": [0, 0, 1, 14], "texture": "#missing"}
			}
		},
		{
			"from": [4, 9.5, 12],
			"to": [12, 9.8, 14],
			"rotation": {"angle": 0, "axis": "y", "origin": [12, 17.5, 20]},
			"faces": {
				"north": {"uv": [0, 0, 8, 0.3], "texture": "#missing"},
				"east": {"uv": [7, 16, 9, 16], "texture": "#3"},
				"south": {"uv": [0, 0, 8, 0.3], "texture": "#missing"},
				"west": {"uv": [7, 16, 9, 16], "texture": "#3"},
				"up": {"uv": [4, 14, 12, 16], "texture": "#3"},
				"down": {"uv": [0, 0, 8, 2], "texture": "#missing"}
			}
		},
		{
			"from": [4, 9.5, 4],
			"to": [12, 9.8, 12],
			"rotation": {"angle": 0, "axis": "y", "origin": [12, 17.5, 12]},
			"faces": {
				"north": {"uv": [0, 0, 8, 0.3], "texture": "#missing"},
				"east": {"uv": [0, 0, 8, 0.3], "texture": "#missing"},
				"south": {"uv": [0, 0, 8, 0.3], "texture": "#missing"},
				"west": {"uv": [0, 0, 8, 0.3], "texture": "#missing"},
				"up": {"uv": [4, 4, 12, 12], "texture": "#3"},
				"down": {"uv": [0, 0, 8, 8], "texture": "#missing"}
			}
		},
		{
			"from": [4, 9.5, 2],
			"to": [12, 9.8, 4],
			"rotation": {"angle": 0, "axis": "y", "origin": [12, 17.5, 10]},
			"faces": {
				"north": {"uv": [0, 0, 8, 0.3], "texture": "#missing"},
				"east": {"uv": [7, 16, 9, 16], "texture": "#3"},
				"south": {"uv": [0, 0, 8, 0.3], "texture": "#missing"},
				"west": {"uv": [7, 16, 9, 16], "texture": "#3"},
				"up": {"uv": [4, 0, 12, 2], "texture": "#3"},
				"down": {"uv": [0, 0, 8, 2], "texture": "#missing"}
			}
		},
		{
			"from": [12, 9.5, 4],
			"to": [14, 9.8, 12],
			"rotation": {"angle": 0, "axis": "y", "origin": [12, 17.5, 20]},
			"faces": {
				"north": {"uv": [7, 16, 9, 16], "texture": "#3"},
				"east": {"uv": [0, 0, 8, 0.3], "texture": "#missing"},
				"south": {"uv": [7, 16, 9, 16], "texture": "#3"},
				"west": {"uv": [0, 0, 8, 0.3], "texture": "#missing"},
				"up": {"uv": [14, 4, 16, 12], "texture": "#3"},
				"down": {"uv": [0, 0, 2, 8], "texture": "#missing"}
			}
		},
		{
			"from": [2, 9.5, 4],
			"to": [4, 9.8, 12],
			"rotation": {"angle": 0, "axis": "y", "origin": [12, 17.5, 20]},
			"faces": {
				"north": {"uv": [7, 16, 9, 16], "texture": "#3"},
				"east": {"uv": [0, 0, 8, 0.3], "texture": "#missing"},
				"south": {"uv": [7, 16, 9, 16], "texture": "#3"},
				"west": {"uv": [0, 0, 8, 0.3], "texture": "#missing"},
				"up": {"uv": [0, 4, 2, 12], "texture": "#3"},
				"down": {"uv": [0, 0, 2, 8], "texture": "#missing"}
			}
		},
		{
			"from": [4, 5.5, 14.7],
			"to": [12, 5.7, 15],
			"rotation": {"angle": 0, "axis": "y", "origin": [8, 6, 15]},
			"faces": {
				"north": {"uv": [0, 0, 8, 0.2], "texture": "#missing"},
				"east": {"uv": [4, 11, 4, 11], "texture": "#4"},
				"south": {"uv": [4, 9, 12, 9], "texture": "#4"},
				"west": {"uv": [4, 11, 4, 11], "texture": "#4"},
				"up": {"uv": [7, 4, 7, 12], "rotation": 90, "texture": "#4"},
				"down": {"uv": [0, 0, 0.3, 8], "rotation": 270, "texture": "#missing"}
			}
		},
		{
			"from": [4, 5.5, 14],
			"to": [12, 7.8, 14.3],
			"rotation": {"angle": 0, "axis": "y", "origin": [8, 6, 15]},
			"faces": {
				"north": {"uv": [0, 0, 8, 2.3], "texture": "#missing"},
				"east": {"uv": [11, 7, 11, 9], "texture": "#4"},
				"south": {"uv": [4, 6, 12, 8], "texture": "#4"},
				"west": {"uv": [11, 7, 11, 9], "texture": "#4"},
				"up": {"uv": [0, 0, 0.3, 8], "rotation": 90, "texture": "#missing"},
				"down": {"uv": [0, 0, 0.3, 8], "rotation": 270, "texture": "#missing"}
			}
		},
		{
			"from": [4, 5.5, 14.3],
			"to": [12, 5.8, 14.7],
			"rotation": {"angle": 0, "axis": "y", "origin": [8, 6, 15]},
			"faces": {
				"north": {"uv": [0, 0, 8, 0.3], "texture": "#missing"},
				"east": {"uv": [4, 5, 4, 5], "texture": "#4"},
				"south": {"uv": [4, 7, 12, 7], "texture": "#4"},
				"west": {"uv": [4, 5, 4, 5], "texture": "#4"},
				"up": {"uv": [6, 4, 6, 12], "rotation": 90, "texture": "#4"},
				"down": {"uv": [0, 0, 0.4, 8], "rotation": 270, "texture": "#missing"}
			}
		},
		{
			"from": [4, 5.7, 14.8],
			"to": [12, 6.2, 15],
			"rotation": {"angle": 0, "axis": "y", "origin": [8, 6, 15]},
			"faces": {
				"north": {"uv": [4, 7, 12, 7], "texture": "#4"},
				"east": {"uv": [4, 9, 4.2, 9.5], "texture": "#4"},
				"south": {"uv": [4, 9, 12, 9.5], "texture": "#4"},
				"west": {"uv": [4, 9, 4.2, 9.5], "texture": "#4"},
				"up": {"uv": [7, 4, 7, 12], "rotation": 90, "texture": "#4"},
				"down": {"uv": [0, 0, 0.2, 8], "rotation": 270, "texture": "#missing"}
			}
		},
		{
			"from": [4, 6, 15],
			"to": [12, 6.2, 15.2],
			"rotation": {"angle": 0, "axis": "y", "origin": [8, 6, 15]},
			"faces": {
				"north": {"uv": [0, 0, 8, 0.2], "texture": "#missing"},
				"east": {"uv": [4, 7, 4, 7], "texture": "#4"},
				"south": {"uv": [6, 4, 6.1, 12], "rotation": 90, "texture": "#4"},
				"west": {"uv": [4.375, 7.25, 4.375, 7.25], "texture": "#4"},
				"up": {"uv": [6, 4, 6.1, 12], "rotation": 90, "texture": "#4"},
				"down": {"uv": [6, 4, 6, 12], "rotation": 90, "texture": "#4"}
			}
		},
		{
			"from": [5, 6, 15.2],
			"to": [11, 6.2, 16],
			"rotation": {"angle": 0, "axis": "y", "origin": [8, 6, 15]},
			"faces": {
				"north": {"uv": [0, 0, 6, 0.2], "texture": "#missing"},
				"east": {"uv": [5, 11, 6, 11], "texture": "#4"},
				"south": {"uv": [5, 4, 6, 12], "rotation": 90, "texture": "#4"},
				"west": {"uv": [5, 11, 6, 11], "texture": "#4"},
				"up": {"uv": [5, 4, 6, 12], "rotation": 90, "texture": "#4"},
				"down": {"uv": [5, 4, 6, 12], "rotation": 90, "texture": "#4"}
			}
		},
		{
			"from": [6, 5.6, 16],
			"to": [10, 6.2, 16.2],
			"rotation": {"angle": 0, "axis": "y", "origin": [8, 6, 15]},
			"faces": {
				"north": {"uv": [6, 11, 10, 12], "texture": "#4"},
				"east": {"uv": [4, 9, 4, 10], "texture": "#4"},
				"south": {"uv": [6, 11, 10, 12], "texture": "#4"},
				"west": {"uv": [4, 9, 4, 10], "texture": "#4"},
				"up": {"uv": [4.25, 6.25, 4.25, 10.25], "texture": "#4"},
				"down": {"uv": [6, 11, 10, 11.2], "texture": "#4"}
			}
		},
		{
			"from": [4, 7.8, 14],
			"to": [12, 9.8, 14.3],
			"rotation": {"angle": 0, "axis": "y", "origin": [8, 6, 15]},
			"faces": {
				"north": {"uv": [0, 0, 8, 2], "texture": "#missing"},
				"east": {"uv": [11, 6, 11, 8], "texture": "#4"},
				"south": {"uv": [4, 4, 12, 6], "texture": "#4"},
				"west": {"uv": [11, 7, 11, 9], "texture": "#4"},
				"up": {"uv": [4, 4, 12, 4.3], "texture": "#4"},
				"down": {"uv": [0, 0, 0.3, 8], "rotation": 90, "texture": "#missing"}
			}
		},
		{
			"from": [4, 5.5, 1],
			"to": [12, 5.7, 1.3],
			"rotation": {"angle": 0, "axis": "y", "origin": [8, 6, 1]},
			"faces": {
				"north": {"uv": [4, 9, 12, 9], "texture": "#4"},
				"east": {"uv": [4, 11, 4, 11], "texture": "#4"},
				"south": {"uv": [0, 0, 8, 0.2], "texture": "#missing"},
				"west": {"uv": [4, 11, 4, 11], "texture": "#4"},
				"up": {"uv": [7, 4, 7, 12], "rotation": 270, "texture": "#4"},
				"down": {"uv": [0, 0, 0.3, 8], "rotation": 90, "texture": "#missing"}
			}
		},
		{
			"from": [4, 5.5, 1.7],
			"to": [12, 7.8, 2],
			"rotation": {"angle": 0, "axis": "y", "origin": [8, 6, 1]},
			"faces": {
				"north": {"uv": [4, 6, 12, 8], "texture": "#4"},
				"east": {"uv": [11, 7, 11, 9], "texture": "#4"},
				"south": {"uv": [0, 0, 8, 2.3], "texture": "#missing"},
				"west": {"uv": [11, 7, 11, 9], "texture": "#4"},
				"up": {"uv": [0, 0, 0.3, 8], "rotation": 270, "texture": "#missing"},
				"down": {"uv": [0, 0, 0.3, 8], "rotation": 90, "texture": "#missing"}
			}
		},
		{
			"from": [4, 5.5, 1.3],
			"to": [12, 5.8, 1.7],
			"rotation": {"angle": 0, "axis": "y", "origin": [8, 6, 1]},
			"faces": {
				"north": {"uv": [4, 7, 12, 7], "texture": "#4"},
				"east": {"uv": [4, 5, 4, 5], "texture": "#4"},
				"south": {"uv": [0, 0, 8, 0.3], "texture": "#missing"},
				"west": {"uv": [4, 5, 4, 5], "texture": "#4"},
				"up": {"uv": [6, 4, 6, 12], "rotation": 270, "texture": "#4"},
				"down": {"uv": [0, 0, 0.4, 8], "rotation": 90, "texture": "#missing"}
			}
		},
		{
			"from": [4, 5.7, 1],
			"to": [12, 6.2, 1.2],
			"rotation": {"angle": 0, "axis": "y", "origin": [8, 6, 1]},
			"faces": {
				"north": {"uv": [4, 9, 12, 9.5], "texture": "#4"},
				"east": {"uv": [4, 9, 4.2, 9.5], "texture": "#4"},
				"south": {"uv": [4, 7, 12, 7], "texture": "#4"},
				"west": {"uv": [4, 9, 4.2, 9.5], "texture": "#4"},
				"up": {"uv": [6, 4, 6.1, 12], "rotation": 90, "texture": "#4"},
				"down": {"uv": [0, 0, 0.2, 8], "rotation": 90, "texture": "#missing"}
			}
		},
		{
			"from": [4, 6, 0.8],
			"to": [12, 6.2, 1],
			"rotation": {"angle": 0, "axis": "y", "origin": [8, 6, 1]},
			"faces": {
				"north": {"uv": [6, 4, 6, 12], "rotation": 90, "texture": "#4"},
				"east": {"uv": [4, 7, 4, 7], "texture": "#4"},
				"south": {"uv": [0, 0, 8, 0.2], "texture": "#missing"},
				"west": {"uv": [4, 7, 4, 7], "texture": "#4"},
				"up": {"uv": [6, 4, 6.1, 12], "rotation": 90, "texture": "#4"},
				"down": {"uv": [6, 4, 6, 12], "rotation": 270, "texture": "#4"}
			}
		},
		{
			"from": [5, 6, 0],
			"to": [11, 6.2, 0.8],
			"rotation": {"angle": 0, "axis": "y", "origin": [8, 6, 1]},
			"faces": {
				"north": {"uv": [5, 4, 6, 12], "rotation": 90, "texture": "#4"},
				"east": {"uv": [5, 11, 6, 11], "texture": "#4"},
				"south": {"uv": [0, 0, 6, 0.2], "texture": "#missing"},
				"west": {"uv": [5, 11, 6, 11], "texture": "#4"},
				"up": {"uv": [5, 4, 6, 12], "rotation": 270, "texture": "#4"},
				"down": {"uv": [5, 4, 6, 12], "rotation": 270, "texture": "#4"}
			}
		},
		{
			"from": [6, 5.6, -0.2],
			"to": [10, 6.2, 0],
			"rotation": {"angle": 0, "axis": "y", "origin": [8, 6, 1]},
			"faces": {
				"north": {"uv": [6, 11, 10, 12], "texture": "#4"},
				"east": {"uv": [4, 9, 4, 10], "texture": "#4"},
				"south": {"uv": [6, 11, 10, 12], "texture": "#4"},
				"west": {"uv": [4, 9, 4, 10], "texture": "#4"},
				"up": {"uv": [4.25, 6.25, 4.25, 10.25], "texture": "#4"},
				"down": {"uv": [6, 11, 10, 11.2], "rotation": 180, "texture": "#4"}
			}
		},
		{
			"from": [4, 7.8, 1.7],
			"to": [12, 9.8, 2],
			"rotation": {"angle": 0, "axis": "y", "origin": [8, 6, 1]},
			"faces": {
				"north": {"uv": [4, 4, 12, 6], "texture": "#4"},
				"east": {"uv": [11, 7, 11, 9], "texture": "#4"},
				"south": {"uv": [0, 0, 8, 2], "texture": "#missing"},
				"west": {"uv": [11, 6, 11, 8], "texture": "#4"},
				"up": {"uv": [4, 4, 12, 4.3], "rotation": 180, "texture": "#4"},
				"down": {"uv": [0, 0, 0.3, 8], "rotation": 270, "texture": "#missing"}
			}
		},
		{
			"from": [14.7, 5.5, 4],
			"to": [15, 5.7, 12],
			"rotation": {"angle": 0, "axis": "y", "origin": [15, 6, 8]},
			"faces": {
				"north": {"uv": [4, 11, 4, 11], "texture": "#4"},
				"east": {"uv": [4, 9, 12, 9], "texture": "#4"},
				"south": {"uv": [4, 11, 4, 11], "texture": "#4"},
				"west": {"uv": [0, 0, 8, 0.2], "texture": "#missing"},
				"up": {"uv": [7, 4, 7, 12], "texture": "#4"},
				"down": {"uv": [0, 0, 0.3, 8], "texture": "#missing"}
			}
		},
		{
			"from": [14, 5.5, 4],
			"to": [14.3, 7.8, 12],
			"rotation": {"angle": 0, "axis": "y", "origin": [15, 6, 8]},
			"faces": {
				"north": {"uv": [11, 7, 11, 9], "texture": "#4"},
				"east": {"uv": [4, 6, 12, 8], "texture": "#4"},
				"south": {"uv": [11, 7, 11, 9], "texture": "#4"},
				"west": {"uv": [0, 0, 8, 2.3], "texture": "#missing"},
				"up": {"uv": [0, 0, 0.3, 8], "texture": "#missing"},
				"down": {"uv": [0, 0, 0.3, 8], "texture": "#missing"}
			}
		},
		{
			"from": [14.3, 5.5, 4],
			"to": [14.7, 5.8, 12],
			"rotation": {"angle": 0, "axis": "y", "origin": [15, 6, 8]},
			"faces": {
				"north": {"uv": [4, 5, 4, 5], "texture": "#4"},
				"east": {"uv": [4, 7, 12, 7], "texture": "#4"},
				"south": {"uv": [4, 5, 4, 5], "texture": "#4"},
				"west": {"uv": [0, 0, 8, 0.3], "texture": "#missing"},
				"up": {"uv": [6, 4, 6, 12], "texture": "#4"},
				"down": {"uv": [0, 0, 0.4, 8], "texture": "#missing"}
			}
		},
		{
			"from": [14.8, 5.7, 4],
			"to": [15, 6.2, 12],
			"rotation": {"angle": 0, "axis": "y", "origin": [15, 6, 8]},
			"faces": {
				"north": {"uv": [4, 9, 4.2, 9.5], "texture": "#4"},
				"east": {"uv": [4, 9, 12, 9.5], "texture": "#4"},
				"south": {"uv": [4, 9, 4.2, 9.5], "texture": "#4"},
				"west": {"uv": [4, 7, 12, 7], "texture": "#4"},
				"up": {"uv": [7, 4, 7, 12], "texture": "#4"},
				"down": {"uv": [0, 0, 0.2, 8], "texture": "#missing"}
			}
		},
		{
			"from": [15, 6, 4],
			"to": [15.2, 6.2, 12],
			"rotation": {"angle": 0, "axis": "y", "origin": [15, 6, 8]},
			"faces": {
				"north": {"uv": [4, 7, 4, 7], "texture": "#4"},
				"east": {"uv": [6, 4, 6, 12], "rotation": 90, "texture": "#4"},
				"south": {"uv": [4, 7, 4, 7], "texture": "#4"},
				"west": {"uv": [0, 0, 8, 0.2], "texture": "#missing"},
				"up": {"uv": [6, 4, 6.1, 12], "rotation": 90, "texture": "#4"},
				"down": {"uv": [6, 4, 6, 12], "rotation": 180, "texture": "#4"}
			}
		},
		{
			"from": [15.2, 6, 5],
			"to": [16, 6.2, 11],
			"rotation": {"angle": 0, "axis": "y", "origin": [15, 6, 8]},
			"faces": {
				"north": {"uv": [5, 11, 6, 11], "texture": "#4"},
				"east": {"uv": [5, 4, 6, 12], "rotation": 90, "texture": "#4"},
				"south": {"uv": [5, 11, 6, 11], "texture": "#4"},
				"west": {"uv": [0, 0, 6, 0.2], "texture": "#missing"},
				"up": {"uv": [5, 4, 6, 12], "texture": "#4"},
				"down": {"uv": [5, 4, 6, 12], "rotation": 180, "texture": "#4"}
			}
		},
		{
			"from": [16, 5.6, 6],
			"to": [16.2, 6.2, 10],
			"rotation": {"angle": 0, "axis": "y", "origin": [15, 6, 8]},
			"faces": {
				"north": {"uv": [4, 9, 4, 10], "texture": "#4"},
				"east": {"uv": [6, 11, 10, 12], "texture": "#4"},
				"south": {"uv": [4, 9, 4, 10], "texture": "#4"},
				"west": {"uv": [6, 11, 10, 12], "texture": "#4"},
				"up": {"uv": [4.25, 6.25, 4.25, 10.25], "texture": "#4"},
				"down": {"uv": [6, 11, 10, 11.2], "rotation": 90, "texture": "#4"}
			}
		},
		{
			"from": [14, 7.8, 4],
			"to": [14.3, 9.8, 12],
			"rotation": {"angle": 0, "axis": "y", "origin": [15, 6, 8]},
			"faces": {
				"north": {"uv": [11, 6, 11, 8], "texture": "#4"},
				"east": {"uv": [4, 4, 12, 6], "texture": "#4"},
				"south": {"uv": [11, 7, 11, 9], "texture": "#4"},
				"west": {"uv": [0, 0, 8, 2], "texture": "#missing"},
				"up": {"uv": [4, 4, 12, 4.3], "rotation": 270, "texture": "#4"},
				"down": {"uv": [0, 0, 0.3, 8], "rotation": 180, "texture": "#missing"}
			}
		},
		{
			"from": [1, 5.5, 4],
			"to": [1.3, 5.7, 12],
			"rotation": {"angle": 0, "axis": "y", "origin": [15, 6, 8]},
			"faces": {
				"north": {"uv": [4, 11, 4, 11], "texture": "#4"},
				"east": {"uv": [0, 0, 8, 0.2], "texture": "#missing"},
				"south": {"uv": [4, 11, 4, 11], "texture": "#4"},
				"west": {"uv": [4, 9, 12, 9], "texture": "#4"},
				"up": {"uv": [7, 4, 7, 12], "rotation": 180, "texture": "#4"},
				"down": {"uv": [0, 0, 0.3, 8], "rotation": 180, "texture": "#missing"}
			}
		},
		{
			"from": [1.7, 5.5, 4],
			"to": [2, 7.8, 12],
			"rotation": {"angle": 0, "axis": "y", "origin": [15, 6, 8]},
			"faces": {
				"north": {"uv": [11, 7, 11, 9], "texture": "#4"},
				"east": {"uv": [0, 0, 8, 2.3], "texture": "#missing"},
				"south": {"uv": [11, 7, 11, 9], "texture": "#4"},
				"west": {"uv": [4, 6, 12, 8], "texture": "#4"},
				"up": {"uv": [0, 0, 0.3, 8], "rotation": 180, "texture": "#missing"},
				"down": {"uv": [0, 0, 0.3, 8], "rotation": 180, "texture": "#missing"}
			}
		},
		{
			"from": [1.3, 5.5, 4],
			"to": [1.7, 5.8, 12],
			"rotation": {"angle": 0, "axis": "y", "origin": [15, 6, 8]},
			"faces": {
				"north": {"uv": [4, 5, 4, 5], "texture": "#4"},
				"east": {"uv": [0, 0, 8, 0.3], "texture": "#missing"},
				"south": {"uv": [4, 5, 4, 5], "texture": "#4"},
				"west": {"uv": [4, 7, 12, 7], "texture": "#4"},
				"up": {"uv": [6, 4, 6, 12], "rotation": 180, "texture": "#4"},
				"down": {"uv": [0, 0, 0.4, 8], "rotation": 180, "texture": "#missing"}
			}
		},
		{
			"from": [1, 5.7, 4],
			"to": [1.2, 6.2, 12],
			"rotation": {"angle": 0, "axis": "y", "origin": [15, 6, 8]},
			"faces": {
				"north": {"uv": [4, 9, 4.2, 9.5], "texture": "#4"},
				"east": {"uv": [4, 7, 12, 7], "texture": "#4"},
				"south": {"uv": [4, 9, 4.2, 9.5], "texture": "#4"},
				"west": {"uv": [4, 9, 12, 9.5], "texture": "#4"},
				"up": {"uv": [7, 4, 7, 12], "rotation": 180, "texture": "#4"},
				"down": {"uv": [0, 0, 0.2, 8], "rotation": 180, "texture": "#missing"}
			}
		},
		{
			"from": [0.8, 6, 4],
			"to": [1, 6.2, 12],
			"rotation": {"angle": 0, "axis": "y", "origin": [15, 6, 8]},
			"faces": {
				"north": {"uv": [4.5, 7.125, 4.5, 7.125], "texture": "#4"},
				"east": {"uv": [0, 0, 8, 0.2], "texture": "#missing"},
				"south": {"uv": [4, 7, 4, 7], "texture": "#4"},
				"west": {"uv": [6, 4, 6, 12], "rotation": 90, "texture": "#4"},
				"up": {"uv": [6, 4, 6, 12], "rotation": 180, "texture": "#4"},
				"down": {"uv": [6, 4, 6, 12], "texture": "#4"}
			}
		},
		{
			"from": [0, 6, 5],
			"to": [0.8, 6.2, 11],
			"rotation": {"angle": 0, "axis": "y", "origin": [15, 6, 8]},
			"faces": {
				"north": {"uv": [5, 11, 6, 11], "texture": "#4"},
				"east": {"uv": [0, 0, 6, 0.2], "texture": "#missing"},
				"south": {"uv": [5, 11, 6, 11], "texture": "#4"},
				"west": {"uv": [5, 4, 6, 12], "rotation": 90, "texture": "#4"},
				"up": {"uv": [5, 4, 6, 12], "rotation": 180, "texture": "#4"},
				"down": {"uv": [5, 4, 6, 12], "texture": "#4"}
			}
		},
		{
			"from": [-0.2, 5.6, 6],
			"to": [0, 6.2, 10],
			"rotation": {"angle": 0, "axis": "y", "origin": [15, 6, 8]},
			"faces": {
				"north": {"uv": [4, 9, 4, 10], "texture": "#4"},
				"east": {"uv": [6, 11, 10, 12], "texture": "#4"},
				"south": {"uv": [4, 9, 4, 10], "texture": "#4"},
				"west": {"uv": [6, 11, 10, 12], "texture": "#4"},
				"up": {"uv": [4.25, 6.25, 4.25, 10.25], "texture": "#4"},
				"down": {"uv": [6, 11, 10, 11.2], "rotation": 270, "texture": "#4"}
			}
		},
		{
			"from": [1.7, 7.8, 4],
			"to": [2, 9.8, 12],
			"rotation": {"angle": 0, "axis": "y", "origin": [15, 6, 8]},
			"faces": {
				"north": {"uv": [11, 7, 11, 9], "texture": "#4"},
				"east": {"uv": [0, 0, 8, 2], "texture": "#missing"},
				"south": {"uv": [11, 6, 11, 8], "texture": "#4"},
				"west": {"uv": [4, 4, 12, 6], "texture": "#4"},
				"up": {"uv": [4, 4, 12, 4.3], "rotation": 90, "texture": "#4"},
				"down": {"uv": [0, 0, 0.3, 8], "texture": "#missing"}
			}
		},
		{
			"name": "StoneCover",
			"from": [1, 5, 1],
			"to": [15, 5.5, 15],
			"rotation": {"angle": 0, "axis": "y", "origin": [9, 13, 9]},
			"faces": {
				"north": {"uv": [1, 3, 15, 4], "texture": "#1"},
				"east": {"uv": [1, 8, 15, 8], "texture": "#1"},
				"south": {"uv": [1, 1, 15, 2], "texture": "#1"},
				"west": {"uv": [1, 2, 15, 3], "texture": "#1"},
				"up": {"uv": [1, 1, 15, 15], "texture": "#1"},
				"down": {"uv": [1, 1, 15, 15], "texture": "#1"}
			}
		},
		{
			"name": "StonePillar",
			"from": [2, 5.5, 2],
			"to": [14, 9.5, 14],
			"rotation": {"angle": 0, "axis": "y", "origin": [10, 13.5, 10]},
			"faces": {
				"north": {"uv": [2, 0, 14, 4], "texture": "#0"},
				"east": {"uv": [2, 0, 14, 4], "texture": "#0"},
				"south": {"uv": [2, 0, 14, 4], "texture": "#0"},
				"west": {"uv": [2, 0, 14, 4], "texture": "#0"},
				"up": {"uv": [0, 0, 16, 16], "texture": "#0"},
				"down": {"uv": [2, 0, 14, 4], "texture": "#0"}
			}
		},
		{
			"name": "ObsidianBase",
			"from": [-0.2, -0.2, -0.2],
			"to": [16.2, 5.2, 16.2],
			"faces": {
				"north": {"uv": [0, 11, 16, 16], "texture": "#2"},
				"east": {"uv": [0, 11, 16, 16], "texture": "#2"},
				"south": {"uv": [0, 11, 16, 16], "texture": "#2"},
				"west": {"uv": [0, 11, 16, 16], "texture": "#2"},
				"up": {"uv": [0, 0, 16, 16], "texture": "#2"},
				"down": {"uv": [0, 0, 16, 16], "texture": "#2"}
			}
		}
	],
	"groups": [
		{
			"name": "Diamonds",
			"origin": [8, 13, 8],
			"children": [
				{
					"name": "NorthWest",
					"origin": [8, 13, 8],
					"children": [0, 1, 2, 3, 4, 5, 6, 7, 8, 9, 10, 11, 12, 13]
				},
				{
					"name": "NorthEast",
					"origin": [8, 13, 8],
					"children": [14, 15, 16, 17, 18, 19, 20, 21, 22, 23, 24, 25, 26, 27]
				},
				{
					"name": "SouthEast",
					"origin": [8, 13, 8],
					"children": [28, 29, 30, 31, 32, 33, 34, 35, 36, 37, 38, 39, 40, 41]
				},
				{
					"name": "SouthWest",
					"origin": [8, 13, 8],
					"children": [42, 43, 44, 45, 46, 47, 48, 49, 50, 51, 52, 53, 54, 55]
				}
			]
		},
		{
			"name": "Borders",
			"origin": [8, 13, 9],
			"children": [56, 57, 58, 59]
		},
		{
			"name": "Cloth",
			"origin": [8, 8, 8],
			"children": [
				{
					"name": "ClothTop",
					"origin": [12, 17.5, 20],
					"children": [60, 61, 62, 63, 64]
				},
				{
					"name": "ClothSouth",
					"origin": [12, 17.5, 20],
					"children": [65, 66, 67, 68, 69, 70, 71, 72]
				},
				{
					"name": "ClothNorth",
					"origin": [12, 17.5, 20],
					"children": [73, 74, 75, 76, 77, 78, 79, 80]
				},
				{
					"name": "ClothEast",
					"origin": [12, 17.5, 20],
					"children": [81, 82, 83, 84, 85, 86, 87, 88]
				},
				{
					"name": "ClothWest",
					"origin": [12, 17.5, 20],
					"children": [89, 90, 91, 92, 93, 94, 95, 96]
				}
			]
		},
		{
			"name": "Base",
			"origin": [8, 8, 8],
			"children": [97, 98, 99]
		}
	]
}