{
	"credit": "Made with Blockbench",
	"textures": {
		"0": "block/soul_lantern",
		"particle": "block/soul_lantern",
		"1_0": "block/soul_lantern"
	},
	"elements": [
		{
			"from": [1, 9, 10.25],
			"to": [1, 11, 13.25],
			"rotation": {"angle": -45, "axis": "y", "origin": [9, 18, 18.25]},
			"faces": {
				"north": {"uv": [0, 0, 0, 2], "texture": "#missing"},
				"east": {"uv": [11, 10, 14, 12], "texture": "#1_0"},
				"south": {"uv": [0, 0, 0, 2], "texture": "#missing"},
				"west": {"uv": [11, 10, 14, 12], "texture": "#1_0"},
				"up": {"uv": [0, 0, 0, 3], "texture": "#missing"},
				"down": {"uv": [0, 0, 0, 3], "texture": "#missing"}
			}
		},
		{
			"from": [10.25, 9, -1],
			"to": [10.25, 11, 2],
			"rotation": {"angle": 45, "axis": "y", "origin": [18.25, 18, 7]},
			"faces": {
				"north": {"uv": [0, 0, 0, 2], "texture": "#missing"},
				"east": {"uv": [11, 10, 14, 12], "texture": "#1_0"},
				"south": {"uv": [0, 0, 0, 2], "texture": "#missing"},
				"west": {"uv": [11, 10, 14, 12], "texture": "#1_0"},
				"up": {"uv": [0, 0, 0, 3], "texture": "#missing"},
				"down": {"uv": [0, 0, 0, 3], "texture": "#missing"}
			}
		},
		{
			"from": [6, 7, 6],
			"to": [10, 9, 10],
			"rotation": {"angle": 0, "axis": "y", "origin": [14, 16, 14]},
			"faces": {
				"north": {"uv": [1, 0, 5, 2], "texture": "#1_0"},
				"east": {"uv": [1, 0, 5, 2], "texture": "#1_0"},
				"south": {"uv": [1, 0, 5, 2], "texture": "#1_0"},
				"west": {"uv": [1, 0, 5, 2], "texture": "#1_0"},
				"up": {"uv": [1, 10, 5, 14], "texture": "#1_0"},
				"down": {"uv": [1, 10, 5, 14], "texture": "#1_0"}
			}
		},
		{
			"from": [9, 7, 9],
			"to": [10.2, 9.2, 10.2],
			"rotation": {"angle": 0, "axis": "y", "origin": [17, 15, 17]},
			"faces": {
				"north": {"uv": [1, 0, 2, 2], "texture": "#0"},
				"east": {"uv": [1, 0, 2, 2], "texture": "#0"},
				"south": {"uv": [1, 0, 2, 2], "texture": "#0"},
				"west": {"uv": [1, 0, 2, 2], "texture": "#0"},
				"up": {"uv": [0, 2, 1, 3], "texture": "#0"},
				"down": {"uv": [0, 2, 1, 3], "texture": "#0"}
			}
		},
		{
			"from": [9, 7, 5.75],
			"to": [10.2, 9.2, 6.95],
			"rotation": {"angle": 0, "axis": "y", "origin": [17, 15, 13.75]},
			"faces": {
				"north": {"uv": [1, 0, 2, 2], "texture": "#0"},
				"east": {"uv": [1, 0, 2, 2], "texture": "#0"},
				"south": {"uv": [1, 0, 2, 2], "texture": "#0"},
				"west": {"uv": [1, 0, 2, 2], "texture": "#0"},
				"up": {"uv": [0, 2, 1, 3], "texture": "#0"},
				"down": {"uv": [0, 2, 1, 3], "texture": "#0"}
			}
		},
		{
			"from": [5.75, 7, 5.75],
			"to": [6.95, 9.2, 6.95],
			"rotation": {"angle": 0, "axis": "y", "origin": [13.75, 15, 13.75]},
			"faces": {
				"north": {"uv": [1, 0, 2, 2], "texture": "#0"},
				"east": {"uv": [1, 0, 2, 2], "texture": "#0"},
				"south": {"uv": [1, 0, 2, 2], "texture": "#0"},
				"west": {"uv": [1, 0, 2, 2], "texture": "#0"},
				"up": {"uv": [0, 2, 1, 3], "texture": "#0"},
				"down": {"uv": [0, 2, 1, 3], "texture": "#0"}
			}
		},
		{
			"from": [5, 0, 5],
			"to": [11, 1, 11],
			"rotation": {"angle": 0, "axis": "y", "origin": [13, 9, 13]},
			"faces": {
				"north": {"uv": [0, 8, 6, 9], "texture": "#1_0"},
				"east": {"uv": [0, 8, 6, 9], "texture": "#1_0"},
				"south": {"uv": [0, 8, 6, 9], "texture": "#1_0"},
				"west": {"uv": [0, 8, 6, 9], "texture": "#1_0"},
				"up": {"uv": [0, 9, 6, 15], "texture": "#1_0"},
				"down": {"uv": [0, 9, 6, 15], "texture": "#1_0"}
			}
		},
		{
			"from": [6, 1, 6],
			"to": [10, 6, 10],
			"rotation": {"angle": 0, "axis": "y", "origin": [14, 10, 14]},
			"faces": {
				"north": {"uv": [1, 3, 5, 8], "texture": "#1_0"},
				"east": {"uv": [1, 3, 5, 8], "texture": "#1_0"},
				"south": {"uv": [1, 3, 5, 8], "texture": "#1_0"},
				"west": {"uv": [1, 3, 5, 8], "texture": "#1_0"},
				"up": {"uv": [1, 10, 5, 14], "texture": "#1_0"},
				"down": {"uv": [1, 10, 5, 14], "texture": "#1_0"}
			}
		},
		{
			"from": [5, 6, 5],
			"to": [11, 7, 11],
			"rotation": {"angle": 0, "axis": "y", "origin": [13, 15, 13]},
			"faces": {
				"north": {"uv": [0, 8, 6, 9], "texture": "#1_0"},
				"east": {"uv": [0, 8, 6, 9], "texture": "#1_0"},
				"south": {"uv": [0, 8, 6, 9], "texture": "#1_0"},
				"west": {"uv": [0, 8, 6, 9], "texture": "#1_0"},
				"up": {"uv": [0, 9, 6, 15], "texture": "#1_0"},
				"down": {"uv": [0, 9, 6, 15], "texture": "#1_0"}
			}
		},
		{
			"from": [4.75, 6, 10],
			"to": [5.95, 7.2, 11.2],
			"rotation": {"angle": 0, "axis": "y", "origin": [12.75, 14, 18]},
			"faces": {
				"north": {"uv": [0, 2, 1, 3], "texture": "#0"},
				"east": {"uv": [0, 2, 1, 3], "texture": "#0"},
				"south": {"uv": [0, 2, 1, 3], "texture": "#0"},
				"west": {"uv": [0, 2, 1, 3], "texture": "#0"},
				"up": {"uv": [0, 2, 1, 3], "texture": "#0"},
				"down": {"uv": [0, 2, 1, 3], "texture": "#0"}
			}
		},
		{
			"from": [4.75, -0.25, 9.75],
			"to": [6.25, 1.25, 11.25],
			"rotation": {"angle": 0, "axis": "y", "origin": [12.75, 7.75, 17.75]},
			"faces": {
				"north": {"uv": [0, 2, 1, 3], "texture": "#0"},
				"east": {"uv": [0, 2, 1, 3], "texture": "#0"},
				"south": {"uv": [0, 2, 1, 3], "texture": "#0"},
				"west": {"uv": [0, 2, 1, 3], "texture": "#0"},
				"up": {"uv": [0, 2, 1, 3], "texture": "#0"},
				"down": {"uv": [0, 2, 1, 3], "texture": "#0"}
			}
		},
		{
			"from": [4.75, -0.25, 4.75],
			"to": [6.25, 1.25, 6.25],
			"rotation": {"angle": 0, "axis": "y", "origin": [12.75, 7.75, 12.75]},
			"faces": {
				"north": {"uv": [0, 2, 1, 3], "texture": "#0"},
				"east": {"uv": [0, 2, 1, 3], "texture": "#0"},
				"south": {"uv": [0, 2, 1, 3], "texture": "#0"},
				"west": {"uv": [0, 2, 1, 3], "texture": "#0"},
				"up": {"uv": [0, 2, 1, 3], "texture": "#0"},
				"down": {"uv": [0, 2, 1, 3], "texture": "#0"}
			}
		},
		{
			"from": [9.75, -0.25, 4.75],
			"to": [11.25, 1.25, 6.25],
			"rotation": {"angle": 0, "axis": "y", "origin": [17.75, 7.75, 12.75]},
			"faces": {
				"north": {"uv": [0, 2, 1, 3], "texture": "#0"},
				"east": {"uv": [0, 2, 1, 3], "texture": "#0"},
				"south": {"uv": [0, 2, 1, 3], "texture": "#0"},
				"west": {"uv": [0, 2, 1, 3], "texture": "#0"},
				"up": {"uv": [0, 2, 1, 3], "texture": "#0"},
				"down": {"uv": [0, 2, 1, 3], "texture": "#0"}
			}
		},
		{
			"from": [9.75, -0.25, 9.75],
			"to": [11.25, 1.25, 11.25],
			"rotation": {"angle": 0, "axis": "y", "origin": [17.75, 7.75, 17.75]},
			"faces": {
				"north": {"uv": [0, 2, 1, 3], "texture": "#0"},
				"east": {"uv": [0, 2, 1, 3], "texture": "#0"},
				"south": {"uv": [0, 2, 1, 3], "texture": "#0"},
				"west": {"uv": [0, 2, 1, 3], "texture": "#0"},
				"up": {"uv": [0, 2, 1, 3], "texture": "#0"},
				"down": {"uv": [0, 2, 1, 3], "texture": "#0"}
			}
		},
		{
			"from": [10, 6, 10],
			"to": [11.2, 7.2, 11.2],
			"rotation": {"angle": 0, "axis": "y", "origin": [18, 14, 18]},
			"faces": {
				"north": {"uv": [0, 2, 1, 3], "texture": "#0"},
				"east": {"uv": [0, 2, 1, 3], "texture": "#0"},
				"south": {"uv": [0, 2, 1, 3], "texture": "#0"},
				"west": {"uv": [0, 2, 1, 3], "texture": "#0"},
				"up": {"uv": [0, 2, 1, 3], "texture": "#0"},
				"down": {"uv": [0, 2, 1, 3], "texture": "#0"}
			}
		},
		{
			"from": [10, 6, 4.75],
			"to": [11.2, 7.2, 5.95],
			"rotation": {"angle": 0, "axis": "y", "origin": [18, 14, 12.75]},
			"faces": {
				"north": {"uv": [0, 2, 1, 3], "texture": "#0"},
				"east": {"uv": [0, 2, 1, 3], "texture": "#0"},
				"south": {"uv": [0, 2, 1, 3], "texture": "#0"},
				"west": {"uv": [0, 2, 1, 3], "texture": "#0"},
				"up": {"uv": [0, 2, 1, 3], "texture": "#0"},
				"down": {"uv": [0, 2, 1, 3], "texture": "#0"}
			}
		},
		{
			"from": [4.75, 6, 4.75],
			"to": [5.95, 7.2, 5.95],
			"rotation": {"angle": 0, "axis": "y", "origin": [12.75, 14, 12.75]},
			"faces": {
				"north": {"uv": [0, 2, 1, 3], "texture": "#0"},
				"east": {"uv": [0, 2, 1, 3], "texture": "#0"},
				"south": {"uv": [0, 2, 1, 3], "texture": "#0"},
				"west": {"uv": [0, 2, 1, 3], "texture": "#0"},
				"up": {"uv": [0, 2, 1, 3], "texture": "#0"},
				"down": {"uv": [0, 2, 1, 3], "texture": "#0"}
			}
		},
		{
			"from": [5.75, 7, 9],
			"to": [6.95, 9.2, 10.2],
			"rotation": {"angle": 0, "axis": "y", "origin": [13.75, 15, 17]},
			"faces": {
				"north": {"uv": [1, 0, 2, 2], "texture": "#0"},
				"east": {"uv": [1, 0, 2, 2], "texture": "#0"},
				"south": {"uv": [1, 0, 2, 2], "texture": "#0"},
				"west": {"uv": [1, 0, 2, 2], "texture": "#0"},
				"up": {"uv": [0, 2, 1, 3], "texture": "#0"},
				"down": {"uv": [0, 2, 1, 3], "texture": "#0"}
			}
		},
		{
			"from": [10, 1, 10],
			"to": [11, 6, 11],
			"rotation": {"angle": 0, "axis": "y", "origin": [18, 11, 18]},
			"faces": {
				"north": {"uv": [0, 2, 1, 8], "texture": "#1_0"},
				"east": {"uv": [0, 2, 1, 8], "texture": "#1_0"},
				"south": {"uv": [0, 2, 1, 8], "texture": "#1_0"},
				"west": {"uv": [0, 2, 1, 8], "texture": "#1_0"},
				"up": {"uv": [0, 3, 1, 4], "texture": "#1_0"},
				"down": {"uv": [0, 8, 1, 9], "texture": "#1_0"}
			}
		},
		{
			"from": [5, 1, 10],
			"to": [6, 6, 11],
			"rotation": {"angle": 0, "axis": "y", "origin": [13, 11, 18]},
			"faces": {
				"north": {"uv": [0, 2, 1, 8], "texture": "#1_0"},
				"east": {"uv": [0, 2, 1, 8], "texture": "#1_0"},
				"south": {"uv": [0, 2, 1, 8], "texture": "#1_0"},
				"west": {"uv": [0, 2, 1, 8], "texture": "#1_0"},
				"up": {"uv": [0, 3, 1, 4], "texture": "#1_0"},
				"down": {"uv": [0, 8, 1, 9], "texture": "#1_0"}
			}
		},
		{
			"from": [5, 1, 5],
			"to": [6, 6, 6],
			"rotation": {"angle": 0, "axis": "y", "origin": [13, 11, 13]},
			"faces": {
				"north": {"uv": [0, 2, 1, 8], "texture": "#1_0"},
				"east": {"uv": [0, 2, 1, 8], "texture": "#1_0"},
				"south": {"uv": [0, 2, 1, 8], "texture": "#1_0"},
				"west": {"uv": [0, 2, 1, 8], "texture": "#1_0"},
				"up": {"uv": [0, 3, 1, 4], "texture": "#1_0"},
				"down": {"uv": [0, 8, 1, 9], "texture": "#1_0"}
			}
		},
		{
			"from": [10, 1, 5],
			"to": [11, 6, 6],
			"rotation": {"angle": 0, "axis": "y", "origin": [18, 11, 13]},
			"faces": {
				"north": {"uv": [0, 2, 1, 8], "texture": "#1_0"},
				"east": {"uv": [0, 2, 1, 8], "texture": "#1_0"},
				"south": {"uv": [0, 2, 1, 8], "texture": "#1_0"},
				"west": {"uv": [0, 2, 1, 8], "texture": "#1_0"},
				"up": {"uv": [0, 3, 1, 4], "texture": "#1_0"},
				"down": {"uv": [0, 0, 1, 1], "texture": "#missing"}
			}
		}
	],
	"display": {
		"thirdperson_righthand": {
			"rotation": [90, 0, 0],
			"translation": [0, -2, -4]
		},
		"thirdperson_lefthand": {
			"rotation": [90, 0, 0],
			"translation": [0, -2, -4]
		},
		"firstperson_righthand": {
			"translation": [3, 2.25, -2]
		},
		"firstperson_lefthand": {
			"translation": [3, 2.25, -2]
		},
		"ground": {
			"translation": [0, 3.25, 0]
		},
		"gui": {
			"rotation": [25, 45, 0],
			"translation": [0, 2, 0]
		},
		"head": {
			"rotation": [-6, 4, 0],
			"translation": [0, -12.5, 6.5],
			"scale": [1.25, 1.25, 1.25]
		},
		"fixed": {
			"translation": [0, 0.5, -4],
			"scale": [1.25, 1.25, 1.25]
		}
	},
	"groups": [
		{
			"name": "lantern_hanging",
			"origin": [8, 8, 8],
			"children": [
				{
					"name": "group",
					"origin": [14, 8, 14],
					"children": [0, 1, 2, 3, 4, 5]
				},
				{
					"name": "group",
					"origin": [13, 15, 13],
					"children": [6, 7, 8, 9, 10, 11, 12, 13, 14, 15, 16, 17, 18, 19, 20, 21]
				}
			]
		}
	]
}