{
    "textures": {
        "particle": "#texture"
    },
    "elements": [
        {   "from": [ 0, 0, 13 ],
            "to": [ 16, 16, 16 ],
            "faces": {
                "down":  { "uv": [  0,  0, 16, 3 ], "texture": "#textureside", "cullface": "down" },
                "up":    { "uv": [  0,  3, 16, 0 ], "texture": "#textureside", "cullface": "up" },
                "north": { "uv": [  0, 16, 16, 0 ], "texture": "#texture" },
                "south": { "uv": [  0, 16, 16, 0 ], "texture": "#texture", "cullface": "south" },
                "west":  { "uv": [  0,  0, 16, 3 ], "rotation": 90, "texture": "#texturesideone", "cullface": "west" },
                "east":  { "uv": [  0,  3, 16, 0 ], "rotation": 90, "texture": "#texturesideone", "cullface": "east" }
            }
        }
    ]
}
